Indicator,,Age-standardized suicide rates (per 100 000 population),Age-standardized suicide rates (per 100 000 population),Age-standardized suicide rates (per 100 000 population)
Dim1,,Both sexes,Male,Female
Location,Period,First Tooltip(Both sexes),First Tooltip(Male),First Tooltip(Female)
Afghanistan,2017,6.0 [3.4-9.9],6.3 [3.7-10.7],5.5 [3.1-9.0]
Afghanistan,2016,6.0 [3.5-9.9],6.2 [3.6-10.3],5.8 [3.3-9.5]
Afghanistan,2015,6.0 [3.5-9.9],6.1 [3.6-10.2],5.8 [3.3-9.4]
Afghanistan,2014,6.0 [3.5-9.9],6.1 [3.6-10.2],5.9 [3.4-9.5]
Afghanistan,2013,6.2 [3.6-10.2],6.3 [3.7-10.5],6.0 [3.5-9.8]
Afghanistan,2012,6.2 [3.6-10.2],6.4 [3.7-10.5],6.1 [3.6-9.8]
Afghanistan,2011,6.4 [3.8-10.5],6.6 [3.8-10.9],6.2 [3.7-10.1]
Afghanistan,2010,6.7 [3.9-10.9],6.9 [4.0-11.3],6.4 [3.8-10.3]
Albania,2017,4.1 [2.3-6.3],5.7 [2.9-9.0],2.5 [1.6-3.7]
Albania,2016,4.2 [2.3-6.3],5.7 [2.9-8.8],2.7 [1.7-3.9]
Albania,2015,4.2 [2.3-6.4],5.7 [2.9-8.7],2.8 [1.8-4.1]
Albania,2014,4.5 [2.5-6.7],6.2 [3.1-9.3],2.9 [1.9-4.2]
Albania,2013,4.8 [2.7-7.1],6.5 [3.4-9.7],3.2 [2.2-4.6]
Albania,2012,4.8 [2.8-7.0],6.6 [3.4-9.6],3.2 [2.1-4.4]
Albania,2011,7.6 [4.7-10.7],7.3 [3.8-10.4],8.2 [5.8-11.3]
Albania,2010,7.6 [4.6-10.5],9.5 [5.0-13.2],5.9 [4.3-8.0]
Algeria,2017,2.5 [1.4-4.4],3.2 [1.7-5.6],1.9 [1.0-3.1]
Algeria,2016,2.6 [1.4-4.5],3.3 [1.8-5.8],1.9 [1.0-3.2]
Algeria,2015,2.7 [1.5-4.7],3.4 [1.9-6.1],2.0 [1.1-3.3]
Algeria,2014,2.8 [1.5-4.8],3.5 [1.9-6.3],2.0 [1.1-3.3]
Algeria,2013,2.9 [1.5-5.0],3.6 [2.0-6.5],2.1 [1.1-3.4]
Algeria,2012,2.9 [1.6-5.0],3.7 [2.0-6.6],2.1 [1.1-3.4]
Algeria,2011,2.9 [1.6-5.1],3.7 [2.0-6.8],2.1 [1.1-3.5]
Algeria,2010,3.0 [1.6-5.3],3.8 [2.0-6.9],2.2 [1.2-3.6]
Angola,2017,12.4 [7.6-18.9],21.0 [13.2-31.9],4.9 [2.9-7.7]
Angola,2016,12.9 [8.0-19.6],21.8 [13.7-32.9],5.1 [3.0-8.1]
Angola,2015,13.3 [8.3-20.1],22.7 [14.4-34.0],5.1 [3.0-8.0]
Angola,2014,13.1 [8.3-19.8],22.6 [14.4-33.7],4.8 [2.9-7.6]
Angola,2013,14.2 [9.0-21.2],24.3 [15.5-36.0],5.2 [3.2-8.1]
Angola,2012,14.2 [9.0-21.2],24.1 [15.4-35.8],5.4 [3.2-8.4]
Angola,2011,13.5 [8.6-20.2],22.8 [14.7-33.8],5.2 [3.2-8.1]
Angola,2010,14.2 [9.1-21.3],23.9 [15.4-35.4],5.6 [3.4-8.7]
Antigua and Barbuda,2017,0.0 [0.0-0.0],0.0 [0.0-0.0],0.0 [0.0-0.0]
Antigua and Barbuda,2016,0.5 [0.3-0.7],0.0 [0.0-0.0],0.9 [0.7-1.3]
Antigua and Barbuda,2015,0.4 [0.3-0.6],0.0 [0.0-0.0],0.8 [0.6-1.1]
Antigua and Barbuda,2014,0.4 [0.3-0.6],0.0 [0.0-0.0],0.8 [0.6-1.1]
Antigua and Barbuda,2013,0.0 [0.0-0.0],0.0 [0.0-0.0],0.0 [0.0-0.0]
Antigua and Barbuda,2012,0.0 [0.0-0.0],0.0 [0.0-0.0],0.0 [0.0-0.0]
Antigua and Barbuda,2011,0.2 [0.1-0.2],0.2 [0.1-0.2],0.2 [0.1-0.2]
Antigua and Barbuda,2010,0.1 [0.1-0.2],0.3 [0.2-0.4],0.0 [0.0-0.0]
Argentina,2017,8.7 [7.1-10.4],14.3 [11.8-17.1],3.6 [2.9-4.4]
Argentina,2016,8.1 [6.7-9.6],13.6 [11.3-16.0],3.1 [2.5-3.7]
Argentina,2015,8.1 [6.8-12.9],13.5 [11.4-22.4],3.2 [2.7-3.9]
Argentina,2014,9.2 [7.8-15.5],15.1 [12.9-27.1],3.7 [3.1-4.4]
Argentina,2013,8.5 [7.2-9.8],14.2 [12.2-16.3],3.1 [2.6-3.7]
Argentina,2012,9.0 [7.7-10.3],15.0 [13.0-17.3],3.4 [2.9-4.0]
Argentina,2011,8.4 [7.3-13.1],14.0 [12.2-22.8],3.3 [2.8-3.9]
Argentina,2010,8.4 [7.3-14.6],14.3 [12.4-26.0],3.1 [2.6-3.6]
Armenia,2017,2.4 [1.9-3.1],4.7 [3.7-6.0],0.9 [0.7-1.2]
Armenia,2016,4.4 [3.5-5.5],8.1 [6.4-10.0],1.7 [1.3-2.2]
Armenia,2015,4.7 [3.7-5.9],7.6 [6.1-9.3],2.6 [1.9-3.3]
Armenia,2014,4.6 [3.7-5.8],6.8 [5.5-8.4],2.9 [2.2-3.7]
Armenia,2013,5.3 [4.2-6.6],7.2 [5.8-8.7],3.7 [2.8-4.7]
Armenia,2012,6.4 [5.1-7.9],10.3 [8.4-12.6],3.2 [2.4-4.0]
Armenia,2011,5.7 [4.6-7.0],9.0 [7.3-10.8],3.0 [2.3-3.8]
Armenia,2010,5.9 [4.7-7.2],9.9 [8.0-12.1],2.9 [2.2-3.7]
Australia,2017,11.8 [10.0-18.8],17.7 [15.2-30.4],5.9 [4.9-7.0]
Australia,2016,10.9 [9.5-12.5],16.3 [14.3-18.6],5.6 [4.7-6.5]
Australia,2015,11.8 [10.4-13.3],17.7 [15.7-19.8],6.0 [5.1-6.9]
Australia,2014,11.3 [10.0-12.7],17.0 [15.2-18.8],5.8 [5.0-6.6]
Australia,2013,10.2 [9.1-11.4],15.3 [13.7-16.9],5.3 [4.6-6.0]
Australia,2012,10.5 [9.3-16.7],15.4 [13.8-17.0],5.7 [4.9-16.9]
Australia,2011,10.1 [9.0-16.6],15.2 [13.6-27.2],5.0 [4.3-5.7]
Australia,2010,10.4 [9.3-11.6],15.9 [14.3-17.6],4.9 [4.3-5.6]
Austria,2017,10.8 [9.2-12.6],17.5 [15.0-20.2],4.6 [3.7-5.5]
Austria,2016,11.1 [9.6-12.9],17.1 [14.9-19.6],5.7 [4.7-6.7]
Austria,2015,11.4 [9.9-13.1],17.9 [15.7-20.3],5.4 [4.5-6.4]
Austria,2014,12.0 [10.5-13.7],19.0 [16.7-21.4],5.6 [4.8-6.6]
Austria,2013,11.5 [10.0-13.0],18.0 [15.9-20.2],5.5 [4.7-6.5]
Austria,2012,11.8 [10.3-13.3],19.3 [17.1-21.7],4.8 [4.1-5.6]
Austria,2011,12.3 [10.8-13.9],19.4 [17.2-21.7],5.8 [4.9-6.8]
Austria,2010,12.2 [10.7-13.8],19.6 [17.3-21.9],5.5 [4.6-6.4]
Azerbaijan,2017,3.9 [2.3-6.1],6.5 [3.8-10.0],1.5 [0.9-2.4]
Azerbaijan,2016,3.9 [2.3-6.0],6.5 [3.8-9.9],1.5 [0.9-2.4]
Azerbaijan,2015,4.0 [2.4-6.1],6.6 [3.9-10.0],1.6 [1.0-2.4]
Azerbaijan,2014,4.1 [2.4-6.2],6.8 [4.0-10.2],1.6 [1.0-2.5]
Azerbaijan,2013,4.2 [2.5-6.3],7.0 [4.1-10.4],1.6 [1.0-2.5]
Azerbaijan,2012,4.3 [2.5-6.4],7.1 [4.1-10.4],1.8 [1.1-2.7]
Azerbaijan,2011,4.4 [2.6-6.5],7.3 [4.2-10.7],1.8 [1.1-2.7]
Azerbaijan,2010,4.5 [2.6-6.6],7.4 [4.2-10.8],1.9 [1.2-2.8]
Bahamas,2017,3.3 [2.3-4.6],5.8 [4.1-8.0],1.0 [0.7-1.4]
Bahamas,2016,3.5 [2.5-4.8],6.2 [4.4-8.4],1.1 [0.7-1.5]
Bahamas,2015,3.4 [2.5-4.7],6.0 [4.3-8.1],1.1 [0.8-1.6]
Bahamas,2014,3.3 [2.4-4.4],5.8 [4.2-7.8],1.0 [0.7-1.4]
Bahamas,2013,3.2 [2.3-4.2],5.5 [4.0-7.3],1.1 [0.8-1.4]
Bahamas,2012,3.6 [2.6-4.8],6.3 [4.6-8.3],1.2 [0.8-1.6]
Bahamas,2011,3.8 [2.8-5.0],6.6 [4.8-8.7],1.3 [0.9-1.7]
Bahamas,2010,3.7 [2.7-4.8],6.4 [4.7-8.4],1.3 [0.9-1.7]
Bahrain,2017,6.7 [4.2-9.7],9.3 [5.7-13.3],2.3 [1.5-3.3]
Bahrain,2016,6.5 [4.0-9.2],8.9 [5.5-12.7],2.3 [1.6-3.2]
Bahrain,2015,6.3 [4.0-8.9],8.7 [5.4-12.2],2.4 [1.6-3.3]
Bahrain,2014,6.4 [4.0-8.9],8.7 [5.4-12.3],2.5 [1.7-3.4]
Bahrain,2013,6.2 [3.9-8.5],8.3 [5.2-11.6],2.5 [1.8-3.5]
Bahrain,2012,6.4 [4.0-8.8],8.7 [5.3-11.9],2.6 [1.9-3.6]
Bahrain,2011,6.9 [4.3-9.4],9.2 [5.6-12.6],2.9 [2.1-4.0]
Bahrain,2010,7.2 [4.4-9.7],9.6 [5.8-13.0],3.0 [2.1-4.0]
Bangladesh,2017,3.7 [2.3-5.6],5.7 [3.6-8.6],1.6 [1.0-2.5]
Bangladesh,2016,3.6 [2.3-5.5],5.5 [3.5-8.3],1.7 [1.1-2.6]
Bangladesh,2015,3.6 [2.4-5.5],5.4 [3.5-8.2],1.8 [1.1-2.7]
Bangladesh,2014,3.7 [2.5-5.5],5.6 [3.7-8.3],1.8 [1.2-2.7]
Bangladesh,2013,3.8 [2.5-5.6],5.6 [3.7-8.2],2.0 [1.3-2.9]
Bangladesh,2012,4.0 [2.7-5.9],5.8 [3.9-8.5],2.2 [1.5-3.1]
Bangladesh,2011,4.3 [2.9-6.3],6.3 [4.3-9.2],2.3 [1.5-3.3]
Bangladesh,2010,4.8 [3.3-7.0],7.1 [4.8-10.3],2.5 [1.7-3.5]
Barbados,2017,0.3 [0.2-0.4],0.5 [0.4-0.7],0.2 [0.1-0.2]
Barbados,2016,0.3 [0.2-0.4],0.5 [0.4-0.7],0.2 [0.1-0.2]
Barbados,2015,0.3 [0.2-0.4],0.5 [0.4-0.7],0.2 [0.1-0.2]
Barbados,2014,0.3 [0.2-0.4],0.5 [0.4-0.7],0.2 [0.1-0.2]
Barbados,2013,0.1 [0.1-0.1],0.3 [0.2-0.3],0.0 [0.0-0.0]
Barbados,2012,0.2 [0.2-0.3],0.2 [0.1-0.2],0.3 [0.2-0.3]
Barbados,2011,0.6 [0.5-0.8],1.1 [0.9-1.4],0.2 [0.2-0.3]
Barbados,2010,1.2 [0.9-1.6],2.2 [1.7-2.9],0.3 [0.2-0.4]
Belarus,2017,18.5 [13.8-24.4],33.8 [25.5-44.6],5.7 [4.2-7.7]
Belarus,2016,19.4 [15.1-24.6],35.5 [27.8-45.1],6.0 [4.6-7.6]
Belarus,2015,19.6 [15.7-24.2],36.0 [29.1-44.3],5.9 [4.6-7.4]
Belarus,2014,21.6 [17.7-26.0],39.7 [32.7-47.5],6.3 [5.0-7.8]
Belarus,2013,22.8 [19.0-27.1],41.8 [35.0-49.4],6.8 [5.5-8.3]
Belarus,2012,24.6 [21.0-28.6],45.1 [38.7-52.1],7.3 [6.0-8.8]
Belarus,2011,30.2 [25.9-34.7],55.3 [47.7-63.3],8.6 [7.1-10.2]
Belarus,2010,29.9 [25.8-34.3],55.1 [47.7-62.9],8.3 [6.9-9.8]
Belgium,2017,14.6 [12.4-17.0],20.8 [17.8-24.0],8.6 [7.1-10.2]
Belgium,2016,15.0 [13.0-17.3],21.7 [18.9-24.7],8.5 [7.2-10.0]
Belgium,2015,14.4 [12.6-16.4],20.7 [18.2-23.3],8.3 [7.1-9.6]
Belgium,2014,15.1 [13.3-17.0],21.7 [19.2-24.2],8.8 [7.6-10.1]
Belgium,2013,15.4 [13.6-17.2],22.1 [19.8-24.6],8.8 [7.7-10.1]
Belgium,2012,16.4 [14.6-18.4],24.5 [21.9-27.1],8.7 [7.5-9.9]
Belgium,2011,16.7 [14.8-18.7],23.9 [21.4-26.6],9.8 [8.5-11.1]
Belgium,2010,16.5 [14.7-18.4],24.0 [21.5-26.6],9.2 [8.0-10.5]
Belize,2017,7.7 [5.7-10.2],13.9 [10.3-18.3],1.7 [1.2-2.3]
Belize,2016,6.7 [5.0-8.7],11.9 [8.9-15.5],1.5 [1.1-2.1]
Belize,2015,6.9 [5.2-8.9],12.2 [9.2-15.7],1.6 [1.2-2.1]
Belize,2014,6.9 [5.2-8.9],12.1 [9.2-15.6],1.7 [1.3-2.3]
Belize,2013,6.8 [5.2-8.8],11.9 [9.1-15.3],1.8 [1.3-2.4]
Belize,2012,7.4 [5.6-9.5],12.9 [9.8-16.5],1.9 [1.4-2.5]
Belize,2011,7.9 [6.0-10.2],13.8 [10.6-17.7],2.1 [1.5-2.7]
Belize,2010,8.2 [6.2-10.5],14.3 [10.9-18.2],2.1 [1.6-2.8]
Benin,2017,13.1 [7.8-20.9],21.0 [12.7-33.0],6.3 [3.6-10.3]
Benin,2016,13.3 [8.0-21.1],21.3 [13.0-33.5],6.3 [3.7-10.4]
Benin,2015,13.4 [8.0-21.2],21.5 [13.1-33.8],6.4 [3.7-10.4]
Benin,2014,13.6 [8.2-21.6],22.0 [13.4-34.4],6.5 [3.8-10.6]
Benin,2013,13.8 [8.3-21.8],22.3 [13.5-34.8],6.6 [3.9-10.7]
Benin,2012,13.9 [8.4-22.0],22.5 [13.7-35.1],6.7 [3.9-10.8]
Benin,2011,14.1 [8.5-22.3],22.9 [14.0-35.6],6.8 [3.9-11.0]
Benin,2010,14.1 [8.5-22.2],22.9 [14.0-35.4],6.8 [4.0-11.1]
Bhutan,2017,5.1 [2.8-8.7],6.8 [3.7-11.7],3.2 [1.8-5.1]
Bhutan,2016,5.1 [2.8-8.5],6.7 [3.7-11.5],3.1 [1.8-5.0]
Bhutan,2015,5.2 [2.8-8.7],6.9 [3.8-11.8],3.1 [1.8-5.1]
Bhutan,2014,5.2 [2.9-8.7],7.0 [3.8-11.9],3.2 [1.8-5.1]
Bhutan,2013,5.2 [2.9-8.7],7.0 [3.8-11.8],3.2 [1.8-5.1]
Bhutan,2012,5.2 [2.9-8.7],7.0 [3.9-11.9],3.1 [1.8-5.1]
Bhutan,2011,5.2 [2.9-8.7],7.0 [3.9-11.8],3.1 [1.8-5.0]
Bhutan,2010,5.2 [2.9-8.7],7.0 [3.9-11.8],3.2 [1.8-5.1]
Bolivia (Plurinational State of),2017,7.2 [3.8-11.8],10.0 [5.4-15.9],4.5 [2.3-7.9]
Bolivia (Plurinational State of),2016,7.4 [4.0-12.2],10.3 [5.6-16.5],4.7 [2.4-8.2]
Bolivia (Plurinational State of),2015,7.2 [3.9-11.7],9.9 [5.5-15.7],4.6 [2.4-8.0]
Bolivia (Plurinational State of),2014,7.0 [3.8-11.5],9.6 [5.3-15.2],4.6 [2.4-8.0]
Bolivia (Plurinational State of),2013,6.9 [3.8-11.2],9.3 [5.2-14.7],4.6 [2.4-7.9]
Bolivia (Plurinational State of),2012,6.9 [3.8-11.2],9.3 [5.3-14.6],4.6 [2.4-8.0]
Bolivia (Plurinational State of),2011,7.1 [3.9-11.5],9.5 [5.4-14.9],4.7 [2.5-8.3]
Bolivia (Plurinational State of),2010,7.0 [3.9-11.4],9.4 [5.4-14.7],4.7 [2.5-8.2]
Bosnia and Herzegovina,2017,8.1 [5.2-10.9],13.1 [8.3-17.7],3.5 [2.4-4.8]
Bosnia and Herzegovina,2016,8.1 [5.3-10.7],13.2 [8.4-17.3],3.5 [2.5-4.6]
Bosnia and Herzegovina,2015,8.3 [5.4-10.9],13.6 [8.6-17.7],3.6 [2.6-4.7]
Bosnia and Herzegovina,2014,8.2 [5.3-10.7],13.4 [8.5-17.5],3.5 [2.5-4.6]
Bosnia and Herzegovina,2013,8.2 [5.4-10.8],13.5 [8.5-17.7],3.4 [2.5-4.6]
Bosnia and Herzegovina,2012,8.1 [5.3-10.7],13.3 [8.4-17.4],3.4 [2.5-4.5]
Bosnia and Herzegovina,2011,8.4 [5.4-11.0],13.8 [8.6-18.1],3.4 [2.5-4.5]
Bosnia and Herzegovina,2010,8.3 [5.4-11.0],13.7 [8.5-18.0],3.5 [2.5-4.6]
Botswana,2017,22.3 [12.0-37.9],38.6 [21.2-64.8],9.2 [4.6-16.2]
Botswana,2016,22.9 [12.3-38.7],39.5 [21.8-65.7],9.6 [4.8-17.0]
Botswana,2015,24.5 [13.2-41.4],42.3 [23.3-70.1],10.3 [5.2-18.2]
Botswana,2014,25.3 [13.7-42.7],43.4 [24.1-72.0],10.7 [5.4-18.8]
Botswana,2013,27.8 [15.1-46.6],49.1 [27.2-81.3],10.0 [5.0-17.7]
Botswana,2012,29.0 [15.8-48.7],51.0 [28.4-84.4],10.4 [5.2-18.3]
Botswana,2011,29.1 [15.8-48.2],50.4 [28.0-82.2],10.9 [5.4-19.1]
Botswana,2010,31.2 [17.0-51.6],55.1 [30.6-89.7],10.5 [5.2-18.4]
Brazil,2017,6.2 [5.7-12.6],9.9 [9.2-17.9],2.8 [2.5-7.5]
Brazil,2016,5.7 [5.3-10.3],9.1 [8.5-15.1],2.5 [2.3-5.9]
Brazil,2015,5.6 [5.2-8.8],8.9 [8.3-15.1],2.6 [2.4-2.8]
Brazil,2014,5.4 [5.1-8.8],8.7 [8.1-15.3],2.4 [2.2-2.6]
Brazil,2013,5.4 [5.1-9.5],8.6 [8.1-13.3],2.5 [2.3-5.9]
Brazil,2012,5.3 [5.0-9.4],8.3 [7.8-13.1],2.5 [2.3-5.9]
Brazil,2011,5.2 [4.9-10.1],8.2 [7.7-14.7],2.4 [2.2-5.7]
Brazil,2010,5.0 [4.7-9.0],7.9 [7.4-12.5],2.4 [2.2-5.8]
Brunei Darussalam,2017,3.3 [2.1-4.6],5.4 [3.5-7.4],1.0 [0.6-1.4]
Brunei Darussalam,2016,2.4 [1.6-3.3],3.9 [2.6-5.3],0.7 [0.5-0.9]
Brunei Darussalam,2015,1.6 [1.1-2.2],2.6 [1.7-3.5],0.6 [0.4-0.9]
Brunei Darussalam,2014,1.7 [1.2-2.3],1.8 [1.2-2.4],1.5 [1.1-2.1]
Brunei Darussalam,2013,1.8 [1.3-2.5],2.1 [1.4-2.8],1.5 [1.0-2.0]
Brunei Darussalam,2012,2.2 [1.5-3.0],3.0 [2.1-4.1],1.2 [0.9-1.6]
Brunei Darussalam,2011,1.7 [1.2-2.3],3.2 [2.2-4.3],0.0 [0.0-0.0]
Brunei Darussalam,2010,1.1 [0.8-1.6],1.7 [1.2-2.3],0.6 [0.4-0.8]
Bulgaria,2017,6.7 [5.0-8.6],11.0 [8.4-14.1],2.8 [2.1-3.7]
Bulgaria,2016,6.6 [5.2-8.1],10.7 [8.6-13.1],2.9 [2.2-3.7]
Bulgaria,2015,6.8 [5.5-8.2],11.1 [9.2-13.4],2.8 [2.2-3.5]
Bulgaria,2014,7.1 [5.9-8.6],11.7 [9.8-14.0],2.9 [2.3-3.7]
Bulgaria,2013,7.4 [6.1-8.8],12.3 [10.3-14.4],2.9 [2.3-3.6]
Bulgaria,2012,8.8 [7.3-10.4],14.4 [12.2-16.9],3.6 [2.9-4.4]
Bulgaria,2011,7.9 [6.7-9.3],13.3 [11.3-15.5],2.9 [2.4-3.6]
Bulgaria,2010,8.5 [7.1-9.9],13.8 [11.8-16.1],3.6 [3.0-4.4]
Burkina Faso,2017,14.8 [9.1-22.8],25.3 [15.7-38.4],6.7 [4.0-10.6]
Burkina Faso,2016,15.2 [9.3-23.3],25.8 [16.0-39.1],7.0 [4.2-11.0]
Burkina Faso,2015,15.4 [9.5-23.7],26.3 [16.3-39.9],7.2 [4.3-11.3]
Burkina Faso,2014,15.7 [9.7-23.9],26.6 [16.7-40.3],7.3 [4.4-11.4]
Burkina Faso,2013,16.1 [10.0-24.6],27.4 [17.2-41.5],7.5 [4.5-11.6]
Burkina Faso,2012,16.1 [10.0-24.4],27.5 [17.3-41.5],7.5 [4.6-11.4]
Burkina Faso,2011,15.6 [9.8-23.6],26.7 [16.9-40.1],7.4 [4.5-11.2]
Burkina Faso,2010,15.8 [9.9-23.9],26.9 [17.0-40.4],7.6 [4.7-11.6]
Burundi,2017,12.5 [7.4-20.2],19.4 [11.7-31.4],6.6 [3.9-10.6]
Burundi,2016,12.6 [7.5-20.3],19.5 [11.7-31.3],6.9 [4.0-11.0]
Burundi,2015,12.8 [7.6-20.6],19.5 [11.7-31.5],7.1 [4.2-11.4]
Burundi,2014,13.1 [7.8-21.1],20.0 [12.0-32.2],7.4 [4.4-11.9]
Burundi,2013,13.8 [8.2-22.0],21.0 [12.6-33.7],7.7 [4.5-12.2]
Burundi,2012,14.1 [8.4-22.5],21.5 [12.9-34.3],7.9 [4.7-12.6]
Burundi,2011,14.5 [8.7-23.0],21.9 [13.1-34.8],8.4 [5.0-13.3]
Burundi,2010,14.9 [8.9-23.7],22.4 [13.5-35.7],8.7 [5.2-13.9]
Cote d'Ivoire,2017,16.4 [9.8-25.5],26.8 [16.2-41.6],5.2 [3.0-8.4]
Cote d'Ivoire,2016,17.0 [10.2-26.4],27.8 [16.8-42.7],5.5 [3.1-8.8]
Cote d'Ivoire,2015,17.7 [10.7-27.3],28.8 [17.6-44.0],5.8 [3.3-9.3]
Cote d'Ivoire,2014,18.5 [11.4-28.4],30.1 [18.6-45.6],6.1 [3.5-9.9]
Cote d'Ivoire,2013,19.5 [12.0-29.7],31.4 [19.6-47.3],6.6 [3.8-10.6]
Cote d'Ivoire,2012,19.7 [12.2-30.0],31.8 [19.9-47.8],6.7 [3.9-10.8]
Cote d'Ivoire,2011,19.6 [12.1-29.8],31.4 [19.7-47.1],6.9 [4.0-11.1]
Cote d'Ivoire,2010,20.0 [12.4-30.4],31.5 [19.8-47.1],7.7 [4.4-12.4]
Cabo Verde,2017,16.2 [10.1-23.6],27.8 [17.5-40.6],5.3 [3.3-8.1]
Cabo Verde,2016,16.5 [10.4-24.0],28.3 [17.8-40.9],5.5 [3.5-8.3]
Cabo Verde,2015,16.7 [10.5-23.9],28.7 [18.1-41.0],5.6 [3.6-8.4]
Cabo Verde,2014,16.9 [10.7-24.0],29.0 [18.4-41.1],5.7 [3.6-8.4]
Cabo Verde,2013,17.5 [11.1-24.5],30.0 [19.1-42.1],5.8 [3.8-8.6]
Cabo Verde,2012,18.0 [11.5-25.2],31.0 [19.8-43.3],5.9 [3.8-8.6]
Cabo Verde,2011,18.2 [11.7-25.5],31.6 [20.4-44.2],5.8 [3.7-8.5]
Cabo Verde,2010,18.4 [11.8-26.0],32.0 [20.5-45.0],5.9 [3.8-8.7]
Cambodia,2017,5.6 [3.4-8.7],8.6 [5.2-13.1],3.1 [1.8-4.9]
Cambodia,2016,5.8 [3.5-8.8],8.8 [5.3-13.2],3.2 [1.9-5.0]
Cambodia,2015,5.8 [3.5-8.8],8.8 [5.3-13.2],3.2 [1.9-5.1]
Cambodia,2014,5.8 [3.5-8.8],8.8 [5.4-13.2],3.3 [1.9-5.1]
Cambodia,2013,6.0 [3.6-9.0],9.1 [5.5-13.6],3.4 [2.0-5.3]
Cambodia,2012,6.1 [3.7-9.3],9.3 [5.7-14.0],3.5 [2.1-5.4]
Cambodia,2011,6.2 [3.8-9.4],9.5 [5.8-14.2],3.5 [2.1-5.4]
Cambodia,2010,6.3 [3.9-9.6],9.6 [5.9-14.4],3.6 [2.2-5.6]
Cameroon,2017,16.1 [9.4-25.6],25.7 [15.4-39.9],7.6 [4.1-12.8]
Cameroon,2016,16.6 [9.7-26.3],26.4 [15.8-40.8],7.9 [4.3-13.4]
Cameroon,2015,17.1 [10.0-27.0],27.0 [16.2-41.6],8.3 [4.5-14.0]
Cameroon,2014,17.9 [10.6-28.3],28.2 [17.0-43.2],8.8 [4.9-14.9]
Cameroon,2013,18.7 [11.1-29.4],29.5 [17.8-45.1],9.1 [5.1-15.2]
Cameroon,2012,19.2 [11.4-29.8],30.8 [18.7-46.8],8.7 [4.9-14.5]
Cameroon,2011,19.4 [11.6-30.1],30.9 [18.8-46.7],9.2 [5.2-15.3]
Cameroon,2010,19.5 [11.8-30.2],30.9 [19.0-46.6],9.4 [5.3-15.6]
Canada,2017,11.7 [9.7-13.7],17.6 [14.8-20.6],5.8 [4.7-6.9]
Canada,2016,10.4 [8.8-16.8],15.3 [13.1-17.7],5.5 [4.5-16.2]
Canada,2015,11.2 [9.6-12.8],16.4 [14.3-18.7],6.0 [5.1-7.0]
Canada,2014,10.9 [9.5-12.3],15.9 [14.0-17.9],5.9 [5.0-6.8]
Canada,2013,10.2 [9.0-11.4],15.0 [13.4-16.7],5.5 [4.7-6.3]
Canada,2012,10.1 [8.9-11.3],14.9 [13.3-16.6],5.3 [4.6-6.0]
Canada,2011,9.6 [8.6-20.2],14.1 [12.6-25.1],5.2 [4.5-15.3]
Canada,2010,10.3 [9.1-11.4],15.1 [13.6-16.8],5.5 [4.8-6.2]
Central African Republic,2017,25.7 [14.1-42.3],44.9 [24.8-73.2],9.6 [5.3-16.1]
Central African Republic,2016,25.3 [13.9-41.5],44.0 [24.5-71.6],9.6 [5.2-16.1]
Central African Republic,2015,26.3 [14.3-43.3],45.5 [25.1-74.0],10.4 [5.6-17.5]
Central African Republic,2014,27.6 [14.9-45.7],48.0 [26.2-78.8],10.4 [5.6-17.4]
Central African Republic,2013,27.0 [14.6-44.4],46.1 [25.3-75.0],10.9 [5.9-18.5]
Central African Republic,2012,26.6 [14.6-43.8],45.1 [25.1-73.3],11.2 [6.0-18.9]
Central African Republic,2011,27.6 [15.0-45.2],46.3 [25.6-75.1],12.0 [6.4-20.0]
Central African Republic,2010,28.1 [15.3-46.1],47.1 [25.9-76.2],12.3 [6.6-20.8]
Chad,2017,13.8 [7.9-22.4],20.9 [12.2-32.6],7.3 [4.0-13.0]
Chad,2016,13.7 [7.9-22.3],20.8 [12.3-32.6],7.2 [4.0-12.9]
Chad,2015,14.0 [8.1-22.7],21.3 [12.6-33.5],7.3 [4.0-13.0]
Chad,2014,14.6 [8.5-23.7],22.3 [13.2-34.8],7.6 [4.2-13.6]
Chad,2013,15.1 [8.7-24.7],23.1 [13.6-36.2],7.9 [4.3-14.2]
Chad,2012,15.6 [8.9-25.5],24.0 [14.0-37.3],8.0 [4.4-14.7]
Chad,2011,15.9 [9.0-26.2],24.6 [14.3-38.5],8.1 [4.3-15.0]
Chad,2010,16.0 [9.0-26.4],24.8 [14.4-38.9],8.0 [4.3-15.1]
Chile,2017,8.4 [7.0-9.9],14.1 [12.0-16.6],3.0 [2.4-3.6]
Chile,2016,9.2 [7.9-10.6],15.5 [13.3-17.8],3.3 [2.7-3.9]
Chile,2015,9.2 [7.9-16.0],14.8 [12.9-27.6],3.9 [3.2-4.6]
Chile,2014,9.1 [8.0-10.4],15.3 [13.5-17.3],3.3 [2.8-3.9]
Chile,2013,9.2 [8.0-10.3],15.3 [13.5-17.1],3.4 [2.9-4.0]
Chile,2012,9.9 [8.7-11.1],16.6 [14.7-18.5],3.6 [3.0-4.1]
Chile,2011,11.0 [9.7-12.3],18.5 [16.4-20.6],4.0 [3.4-4.7]
Chile,2010,11.0 [9.7-17.9],18.3 [16.3-31.4],4.2 [3.6-4.9]
China,2017,6.9 [5.5-8.8],8.9 [6.9-11.7],5.0 [4.1-5.9]
China,2016,7.0 [5.6-8.9],9.0 [7.1-12.0],5.1 [4.3-6.0]
China,2015,7.1 [5.8-8.9],9.0 [7.2-11.9],5.3 [4.5-6.1]
China,2014,7.4 [6.1-9.1],9.3 [7.4-12.0],5.6 [4.8-6.4]
China,2013,7.7 [6.3-9.6],9.5 [7.6-12.6],5.9 [5.1-6.7]
China,2012,8.1 [6.7-10.2],10.0 [7.8-13.2],6.4 [5.6-7.3]
China,2011,8.8 [7.2-10.9],10.7 [8.3-13.9],7.1 [6.2-8.1]
China,2010,9.6 [7.8-11.7],11.5 [8.8-14.6],7.8 [6.9-8.9]
Colombia,2017,4.5 [3.4-10.4],7.4 [5.6-18.5],1.8 [1.4-2.4]
Colombia,2016,4.1 [3.3-7.6],6.9 [5.6-13.3],1.6 [1.3-2.0]
Colombia,2015,4.0 [3.3-7.3],6.5 [5.4-12.5],1.8 [1.5-2.2]
Colombia,2014,3.7 [3.1-6.9],6.2 [5.2-12.1],1.4 [1.1-1.7]
Colombia,2013,3.6 [3.1-10.5],6.0 [5.1-13.1],1.5 [1.2-8.2]
Colombia,2012,3.8 [3.2-11.8],6.3 [5.4-15.5],1.5 [1.2-8.4]
Colombia,2011,3.7 [3.1-12.2],6.1 [5.2-16.1],1.5 [1.2-8.6]
Colombia,2010,3.9 [3.3-13.0],6.5 [5.6-14.0],1.5 [1.2-12.4]
Comoros,2017,8.6 [4.4-15.7],11.5 [5.3-22.8],5.9 [3.4-9.4]
Comoros,2016,8.7 [4.4-16.0],11.7 [5.4-23.1],6.0 [3.5-9.5]
Comoros,2015,8.8 [4.5-16.0],11.8 [5.5-23.2],6.1 [3.6-9.6]
Comoros,2014,8.9 [4.5-16.1],11.8 [5.5-23.3],6.2 [3.6-9.8]
Comoros,2013,8.5 [4.2-15.8],11.2 [5.1-22.5],6.1 [3.4-9.8]
Comoros,2012,8.6 [4.3-16.1],11.4 [5.1-22.9],6.2 [3.5-10.1]
Comoros,2011,8.5 [4.3-15.9],11.1 [5.1-22.4],6.2 [3.5-10.1]
Comoros,2010,9.0 [4.4-16.9],11.8 [5.3-23.9],6.5 [3.6-10.6]
Congo,2017,11.9 [7.1-18.8],18.1 [10.9-28.1],6.8 [3.9-11.1]
Congo,2016,12.3 [7.3-19.5],18.6 [11.3-29.0],7.1 [4.1-11.6]
Congo,2015,12.5 [7.5-19.6],18.7 [11.4-29.0],7.5 [4.3-12.0]
Congo,2014,13.5 [8.1-21.3],19.9 [12.1-30.7],8.5 [4.9-13.6]
Congo,2013,14.5 [8.7-22.7],21.3 [13.1-32.9],9.0 [5.2-14.4]
Congo,2012,15.5 [9.3-24.2],22.7 [13.9-34.9],9.7 [5.7-15.6]
Congo,2011,15.3 [9.2-23.9],22.4 [13.7-34.4],9.7 [5.6-15.4]
Congo,2010,15.8 [9.5-24.6],22.8 [14.0-34.9],10.4 [6.0-16.6]
Costa Rica,2017,5.8 [4.4-18.1],9.4 [7.2-32.7],2.2 [1.6-3.0]
Costa Rica,2016,7.3 [5.9-8.9],12.4 [10.1-15.0],2.2 [1.7-2.8]
Costa Rica,2015,6.4 [5.2-7.7],10.7 [8.8-12.8],2.2 [1.7-2.8]
Costa Rica,2014,5.4 [4.4-6.4],9.0 [7.5-10.6],1.8 [1.4-2.3]
Costa Rica,2013,6.4 [5.3-7.6],11.2 [9.4-13.3],1.7 [1.3-2.1]
Costa Rica,2012,6.3 [5.3-18.0],10.9 [9.2-33.3],1.9 [1.5-2.4]
Costa Rica,2011,6.7 [5.6-7.9],11.2 [9.5-13.1],2.3 [1.8-2.8]
Costa Rica,2010,6.8 [5.7-8.0],11.7 [9.9-13.6],1.9 [1.5-2.4]
Croatia,2017,10.9 [8.5-13.7],17.5 [13.8-21.8],5.0 [3.8-6.6]
Croatia,2016,11.5 [9.5-13.7],18.8 [15.7-22.2],5.0 [4.0-6.2]
Croatia,2015,12.2 [10.2-14.3],19.4 [16.5-22.6],5.8 [4.6-7.1]
Croatia,2014,12.4 [10.5-14.5],19.7 [17.0-22.7],6.0 [4.9-7.3]
Croatia,2013,12.3 [10.5-14.2],20.6 [17.8-23.6],4.8 [3.9-5.8]
Croatia,2012,13.1 [11.3-15.1],21.8 [18.9-24.8],5.4 [4.4-6.4]
Croatia,2011,11.8 [10.1-13.6],18.9 [16.4-21.5],5.6 [4.6-6.7]
Croatia,2010,13.2 [11.4-15.2],21.5 [18.8-24.4],5.9 [4.9-7.1]
Cuba,2017,10.5 [8.7-20.6],17.0 [14.2-35.7],4.4 [3.5-5.5]
Cuba,2016,9.7 [8.2-11.5],16.1 [13.6-18.8],3.8 [3.1-4.6]
Cuba,2015,10.4 [8.8-12.1],17.1 [14.7-19.7],4.1 [3.3-4.9]
Cuba,2014,10.2 [8.8-11.8],16.6 [14.4-19.0],4.2 [3.5-5.0]
Cuba,2013,10.6 [9.2-12.2],17.5 [15.3-19.9],4.2 [3.5-5.0]
Cuba,2012,10.7 [9.3-12.3],17.7 [15.5-20.1],4.2 [3.5-4.9]
Cuba,2011,11.1 [9.7-12.7],18.2 [15.9-20.6],4.5 [3.8-5.3]
Cuba,2010,11.4 [10.0-13.1],18.6 [16.3-20.9],4.8 [4.0-5.6]
Cyprus,2017,3.3 [2.1-4.5],5.7 [3.5-7.8],0.9 [0.6-1.2]
Cyprus,2016,4.2 [2.6-5.6],7.2 [4.3-9.8],1.1 [0.8-1.5]
Cyprus,2015,4.2 [2.7-5.6],6.5 [4.0-8.6],1.8 [1.3-2.5]
Cyprus,2014,4.8 [3.0-6.4],7.0 [4.3-9.4],2.6 [1.9-3.4]
Cyprus,2013,5.1 [3.3-6.8],9.1 [5.8-12.2],1.1 [0.8-1.5]
Cyprus,2012,4.9 [3.1-6.5],9.1 [5.8-12.2],0.7 [0.5-0.9]
Cyprus,2011,3.7 [2.4-5.0],6.8 [4.4-9.2],0.8 [0.6-1.0]
Cyprus,2010,4.6 [3.1-6.2],7.5 [4.9-10.1],1.9 [1.4-2.5]
Czechia,2017,11.2 [9.5-13.0],18.2 [15.6-20.9],4.5 [3.6-5.5]
Czechia,2016,10.3 [8.9-11.9],16.9 [14.7-19.2],4.1 [3.4-5.0]
Czechia,2015,10.5 [9.1-12.0],17.5 [15.4-19.7],3.9 [3.2-4.7]
Czechia,2014,11.7 [10.2-13.2],19.4 [17.2-21.7],4.3 [3.5-5.1]
Czechia,2013,12.8 [11.2-14.4],21.4 [18.9-23.9],4.5 [3.8-5.4]
Czechia,2012,13.1 [11.5-14.7],22.5 [19.9-25.1],4.0 [3.4-4.8]
Czechia,2011,12.9 [11.4-14.6],22.2 [19.7-24.8],4.0 [3.4-4.7]
Czechia,2010,11.9 [10.5-13.5],20.4 [18.1-22.9],3.9 [3.3-4.6]
Democratic People's Republic of Korea,2017,8.7 [4.9-14.6],11.2 [6.3-19.5],6.7 [3.7-10.8]
Democratic People's Republic of Korea,2016,9.2 [5.2-15.5],11.9 [6.7-20.7],7.1 [4.0-11.6]
Democratic People's Republic of Korea,2015,9.5 [5.3-15.9],12.2 [6.9-21.1],7.3 [4.1-11.9]
Democratic People's Republic of Korea,2014,9.1 [5.2-15.3],11.6 [6.6-20.2],7.2 [4.1-11.7]
Democratic People's Republic of Korea,2013,9.1 [5.2-15.2],11.6 [6.6-20.0],7.3 [4.1-11.7]
Democratic People's Republic of Korea,2012,9.1 [5.1-15.2],11.5 [6.5-20.0],7.3 [4.1-11.7]
Democratic People's Republic of Korea,2011,9.2 [5.2-15.4],11.6 [6.6-20.1],7.5 [4.3-11.9]
Democratic People's Republic of Korea,2010,9.2 [5.2-15.3],11.5 [6.6-20.1],7.5 [4.3-11.9]
Democratic Republic of the Congo,2017,12.0 [7.3-19.0],20.1 [12.2-31.5],4.9 [2.9-7.8]
Democratic Republic of the Congo,2016,12.1 [7.3-19.0],20.1 [12.3-31.4],5.0 [2.9-7.9]
Democratic Republic of the Congo,2015,12.3 [7.5-19.1],20.4 [12.6-31.6],5.1 [3.0-8.1]
Democratic Republic of the Congo,2014,12.6 [7.7-19.5],20.9 [12.9-32.1],5.3 [3.1-8.3]
Democratic Republic of the Congo,2013,12.8 [7.8-19.7],21.3 [13.2-32.7],5.3 [3.1-8.3]
Democratic Republic of the Congo,2012,13.0 [8.0-20.0],21.6 [13.5-33.0],5.5 [3.3-8.6]
Democratic Republic of the Congo,2011,13.3 [8.3-20.5],22.1 [13.9-33.7],5.7 [3.4-8.9]
Democratic Republic of the Congo,2010,13.5 [8.4-20.7],22.3 [14.0-33.9],5.8 [3.5-9.1]
Denmark,2017,8.3 [6.6-10.2],11.9 [9.7-14.4],4.8 [3.7-6.1]
Denmark,2016,8.2 [6.7-10.0],12.2 [10.1-14.5],4.4 [3.5-5.5]
Denmark,2015,8.1 [6.7-9.7],11.3 [9.4-13.3],4.9 [3.9-6.1]
Denmark,2014,9.1 [7.6-10.7],13.6 [11.5-15.9],4.6 [3.7-5.6]
Denmark,2013,9.0 [7.6-10.5],13.3 [11.4-15.4],4.8 [3.9-5.9]
Denmark,2012,9.8 [8.4-11.4],14.9 [12.8-17.1],4.9 [4.0-5.9]
Denmark,2011,9.7 [8.3-11.2],14.5 [12.6-16.6],4.9 [4.0-5.9]
Denmark,2010,8.9 [7.6-10.3],13.1 [11.3-14.9],4.9 [4.1-5.9]
Djibouti,2017,12.3 [6.1-22.0],16.8 [8.1-30.3],7.7 [4.1-13.5]
Djibouti,2016,12.1 [6.0-21.6],16.5 [8.0-29.9],7.6 [4.0-13.2]
Djibouti,2015,11.9 [5.9-21.3],16.2 [7.8-29.3],7.5 [3.9-13.2]
Djibouti,2014,12.2 [6.0-22.0],16.7 [8.0-30.5],7.6 [3.9-13.3]
Djibouti,2013,12.1 [6.0-21.8],16.6 [8.1-30.2],7.6 [3.9-13.2]
Djibouti,2012,11.9 [5.9-21.3],16.4 [8.0-29.8],7.3 [3.8-12.7]
Djibouti,2011,11.8 [5.8-21.2],16.4 [7.9-29.6],7.3 [3.8-12.7]
Djibouti,2010,11.7 [5.8-20.9],16.2 [7.8-29.2],7.3 [3.8-12.7]
Dominican Republic,2017,6.0 [3.6-9.5],10.0 [6.0-15.9],2.2 [1.3-3.4]
Dominican Republic,2016,6.8 [4.3-10.5],11.3 [7.1-17.6],2.4 [1.5-3.6]
Dominican Republic,2015,6.8 [4.4-10.4],11.5 [7.4-17.4],2.4 [1.5-3.6]
Dominican Republic,2014,6.6 [4.3-9.9],11.1 [7.3-16.6],2.3 [1.5-3.4]
Dominican Republic,2013,6.1 [4.1-8.9],10.2 [6.9-14.9],2.1 [1.4-3.1]
Dominican Republic,2012,5.8 [4.0-8.4],9.7 [6.7-14.1],2.0 [1.3-2.9]
Dominican Republic,2011,5.5 [3.8-8.0],9.2 [6.4-13.4],1.9 [1.3-2.8]
Dominican Republic,2010,5.4 [3.6-7.8],9.0 [6.1-13.1],1.8 [1.2-2.7]
Ecuador,2017,9.3 [5.3-12.1],14.5 [7.4-19.1],4.2 [3.2-5.4]
Ecuador,2016,9.1 [5.3-11.7],14.0 [7.3-18.1],4.3 [3.3-5.4]
Ecuador,2015,8.9 [5.2-11.3],13.7 [7.2-17.5],4.2 [3.3-5.3]
Ecuador,2014,8.9 [5.3-11.3],13.5 [7.2-17.1],4.5 [3.5-5.6]
Ecuador,2013,9.7 [5.9-12.2],14.7 [8.1-18.6],4.8 [3.8-6.0]
Ecuador,2012,10.3 [6.2-12.9],15.6 [8.5-19.8],5.1 [4.1-6.3]
Ecuador,2011,10.0 [6.2-12.6],15.0 [8.4-19.1],5.2 [4.2-6.3]
Ecuador,2010,10.2 [6.4-12.8],15.1 [8.5-19.1],5.4 [4.4-6.6]
Egypt,2017,3.4 [1.6-6.4],4.7 [2.1-9.2],2.2 [1.1-3.7]
Egypt,2016,3.6 [1.7-6.8],5.0 [2.3-9.8],2.3 [1.2-3.9]
Egypt,2015,3.7 [1.8-6.9],5.1 [2.3-9.9],2.4 [1.3-4.0]
Egypt,2014,3.7 [1.8-6.9],5.1 [2.3-10.0],2.3 [1.2-3.8]
Egypt,2013,3.8 [1.8-7.1],5.2 [2.4-10.4],2.3 [1.2-3.8]
Egypt,2012,3.8 [1.8-7.2],5.2 [2.4-10.4],2.5 [1.3-4.1]
Egypt,2011,3.7 [1.7-6.9],5.1 [2.3-10.0],2.3 [1.2-3.8]
Egypt,2010,3.6 [1.7-6.8],4.8 [2.2-9.5],2.5 [1.3-4.0]
El Salvador,2017,6.2 [3.9-13.3],11.1 [7.1-24.7],2.2 [1.4-3.1]
El Salvador,2016,5.8 [3.8-12.3],10.2 [6.7-22.6],2.2 [1.5-3.1]
El Salvador,2015,6.8 [4.7-9.5],12.5 [8.6-17.5],2.1 [1.5-2.7]
El Salvador,2014,6.0 [4.3-7.9],10.1 [7.1-13.4],2.6 [2.0-3.4]
El Salvador,2013,6.7 [4.8-16.3],12.3 [8.7-30.8],2.3 [1.8-2.9]
El Salvador,2012,7.0 [5.1-9.2],12.4 [9.0-16.6],2.6 [2.0-3.2]
El Salvador,2011,8.0 [6.1-10.5],14.4 [10.8-19.0],2.7 [2.1-3.3]
El Salvador,2010,6.4 [4.8-22.8],11.7 [8.7-30.1],2.1 [1.6-16.8]
Equatorial Guinea,2017,13.2 [7.0-23.6],17.9 [9.9-31.7],8.6 [4.2-15.8]
Equatorial Guinea,2016,15.0 [7.9-27.2],20.3 [11.1-36.4],9.6 [4.6-18.0]
Equatorial Guinea,2015,15.3 [8.0-27.9],20.6 [11.3-37.0],10.0 [4.7-18.7]
Equatorial Guinea,2014,14.2 [7.6-25.7],19.5 [10.8-34.9],8.9 [4.3-16.5]
Equatorial Guinea,2013,13.8 [7.3-24.7],19.1 [10.6-34.0],8.3 [3.9-15.2]
Equatorial Guinea,2012,15.5 [8.2-27.5],21.9 [12.1-38.2],8.7 [4.1-16.0]
Equatorial Guinea,2011,16.6 [8.8-29.4],23.5 [13.0-40.8],9.1 [4.2-16.8]
Equatorial Guinea,2010,15.3 [8.1-27.0],20.8 [11.6-36.1],9.7 [4.4-18.0]
Eritrea,2017,18.0 [9.9-29.7],28.4 [15.4-46.6],8.6 [4.8-14.3]
Eritrea,2016,18.3 [10.0-30.2],28.8 [15.6-47.3],8.7 [4.9-14.6]
Eritrea,2015,18.7 [10.1-30.8],29.5 [15.8-48.2],8.9 [5.0-14.8]
Eritrea,2014,18.9 [10.3-31.2],29.8 [16.1-49.0],8.9 [5.0-14.9]
Eritrea,2013,19.2 [10.5-31.7],30.4 [16.4-49.9],9.1 [5.1-15.1]
Eritrea,2012,19.7 [10.7-32.5],31.2 [16.8-51.2],9.3 [5.2-15.4]
Eritrea,2011,20.2 [11.0-33.1],31.9 [17.3-52.1],9.4 [5.3-15.7]
Eritrea,2010,20.5 [11.2-33.6],32.5 [17.5-52.8],9.6 [5.4-16.0]
Estonia,2017,15.2 [11.4-19.7],25.0 [19.0-32.1],6.3 [4.5-8.5]
Estonia,2016,12.5 [9.8-15.5],21.3 [17.0-26.1],4.8 [3.6-6.3]
Estonia,2015,13.4 [10.7-16.4],24.1 [19.4-29.3],3.8 [2.9-5.0]
Estonia,2014,16.2 [13.0-19.6],28.6 [23.3-34.3],5.2 [3.9-6.7]
Estonia,2013,14.9 [12.1-18.1],27.0 [22.2-32.4],4.4 [3.3-5.6]
Estonia,2012,17.2 [14.1-20.6],30.9 [25.7-36.6],4.9 [3.8-6.3]
Estonia,2011,14.7 [12.2-17.6],26.7 [22.4-31.5],4.4 [3.4-5.6]
Estonia,2010,15.4 [12.8-18.4],27.6 [23.1-32.5],4.6 [3.5-5.9]
Eswatini,2017,42.9 [20.9-73.5],83.6 [40.8-142.1],7.0 [3.2-13.0]
Eswatini,2016,46.2 [22.4-79.4],88.8 [43.3-150.7],9.1 [4.1-17.0]
Eswatini,2015,49.2 [23.8-84.6],92.3 [45.2-156.2],11.9 [5.1-22.7]
Eswatini,2014,54.6 [26.1-94.0],99.0 [48.4-166.8],16.4 [6.8-31.4]
Eswatini,2013,62.0 [29.7-106.8],110.0 [54.3-185.1],20.9 [8.5-39.9]
Eswatini,2012,66.3 [31.9-113.6],116.2 [57.8-194.2],23.7 [9.8-44.8]
Eswatini,2011,66.0 [32.0-112.8],114.5 [57.3-189.9],24.8 [10.4-47.3]
Eswatini,2010,70.5 [34.9-120.5],119.1 [60.9-197.2],29.1 [12.6-55.1]
Ethiopia,2017,9.6 [6.8-13.6],14.5 [10.1-20.8],5.3 [3.8-7.1]
Ethiopia,2016,9.8 [7.0-13.9],14.7 [10.5-21.3],5.3 [3.9-7.2]
Ethiopia,2015,10.0 [7.2-13.9],14.9 [10.7-21.2],5.5 [4.0-7.3]
Ethiopia,2014,10.0 [7.3-13.9],15.0 [10.9-21.3],5.5 [4.1-7.2]
Ethiopia,2013,10.4 [7.7-14.4],15.7 [11.5-22.1],5.7 [4.3-7.3]
Ethiopia,2012,11.3 [8.5-15.5],16.8 [12.6-23.6],6.3 [4.8-8.1]
Ethiopia,2011,12.4 [9.3-16.9],18.2 [13.7-25.6],7.1 [5.4-9.1]
Ethiopia,2010,13.1 [9.9-18.0],19.1 [14.3-27.0],7.6 [5.8-9.8]
Fiji,2017,9.9 [6.3-14.8],13.7 [8.8-20.2],6.1 [3.7-9.4]
Fiji,2016,10.0 [6.4-14.7],14.0 [9.1-20.1],6.1 [3.7-9.3]
Fiji,2015,10.0 [6.5-14.5],13.9 [9.2-19.8],6.1 [3.8-9.1]
Fiji,2014,10.3 [6.8-14.6],14.3 [9.6-20.1],6.2 [4.0-9.1]
Fiji,2013,10.5 [7.1-14.7],14.8 [10.1-20.4],6.2 [4.1-8.9]
Fiji,2012,10.5 [7.2-14.5],14.6 [10.2-20.0],6.3 [4.2-8.9]
Fiji,2011,10.3 [7.2-14.2],14.3 [10.0-19.5],6.3 [4.2-8.9]
Fiji,2010,10.1 [7.1-13.9],13.8 [9.7-18.7],6.4 [4.4-9.0]
Finland,2017,14.4 [12.0-17.0],20.8 [17.5-24.4],8.0 [6.6-9.7]
Finland,2016,13.3 [11.3-15.4],20.4 [17.5-23.7],6.1 [5.1-7.3]
Finland,2015,12.1 [10.4-14.1],18.9 [16.3-21.8],5.4 [4.5-6.4]
Finland,2014,13.7 [11.9-15.6],20.7 [18.1-23.4],6.7 [5.6-7.8]
Finland,2013,15.0 [13.2-17.0],22.5 [19.9-25.3],7.7 [6.5-8.9]
Finland,2012,14.9 [13.1-16.8],22.6 [20.1-25.4],7.3 [6.2-8.4]
Finland,2011,15.7 [13.8-17.7],24.4 [21.6-27.4],7.1 [6.1-8.2]
Finland,2010,16.4 [14.5-18.5],25.1 [22.3-28.0],7.8 [6.7-9.0]
France,2017,10.4 [8.6-15.7],16.3 [13.7-22.6],4.9 [4.0-9.3]
France,2016,10.7 [9.0-12.5],16.9 [14.3-19.7],5.0 [4.1-6.0]
France,2015,11.5 [9.8-19.1],18.1 [15.7-26.8],5.3 [4.5-12.1]
France,2014,11.4 [9.9-13.0],17.7 [15.4-20.0],5.7 [4.8-6.6]
France,2013,12.5 [10.9-17.2],19.4 [17.1-27.7],6.2 [5.3-7.1]
France,2012,13.4 [11.8-22.8],20.8 [18.4-32.4],6.6 [5.7-13.8]
France,2011,13.6 [12.0-18.2],21.0 [18.7-23.4],6.8 [5.9-13.9]
France,2010,13.9 [12.3-15.5],21.2 [18.9-23.6],7.2 [6.2-8.2]
Gabon,2017,13.8 [8.1-22.2],24.5 [14.3-39.1],4.1 [2.4-6.6]
Gabon,2016,14.6 [8.5-23.3],25.7 [15.1-40.9],4.4 [2.5-7.1]
Gabon,2015,15.2 [8.9-24.3],26.5 [15.7-42.3],4.8 [2.7-7.9]
Gabon,2014,15.4 [9.1-24.5],27.0 [16.0-42.7],4.9 [2.8-7.8]
Gabon,2013,13.6 [8.0-21.5],24.3 [14.4-38.4],4.0 [2.3-6.4]
Gabon,2012,14.0 [8.2-22.0],24.9 [14.8-39.0],4.2 [2.4-6.7]
Gabon,2011,15.8 [9.3-24.8],27.5 [16.4-42.8],5.3 [3.1-8.6]
Gabon,2010,15.8 [9.4-24.7],27.4 [16.4-42.5],5.6 [3.2-9.0]
Gambia,2017,9.8 [5.3-16.8],13.6 [6.9-23.9],6.3 [3.7-10.0]
Gambia,2016,9.9 [5.3-17.0],13.6 [6.8-24.1],6.5 [3.8-10.3]
Gambia,2015,10.3 [5.4-17.6],14.1 [7.0-25.0],6.7 [3.9-10.7]
Gambia,2014,10.6 [5.6-17.9],14.5 [7.3-25.4],6.9 [4.1-10.9]
Gambia,2013,10.7 [5.7-18.2],14.6 [7.3-25.6],7.0 [4.1-11.2]
Gambia,2012,10.8 [5.7-18.4],14.8 [7.3-26.1],7.0 [4.1-11.1]
Gambia,2011,11.0 [5.8-18.7],15.2 [7.5-26.6],6.9 [4.1-11.0]
Gambia,2010,10.6 [5.7-18.0],14.7 [7.3-25.6],6.8 [4.1-10.6]
Georgia,2017,8.1 [5.8-10.8],14.7 [10.7-19.5],2.3 [1.6-3.2]
Georgia,2016,9.0 [6.7-11.8],16.4 [12.3-21.3],2.6 [1.8-3.5]
Georgia,2015,8.8 [6.6-11.3],15.9 [12.1-20.3],2.6 [1.9-3.6]
Georgia,2014,8.6 [6.5-11.0],15.5 [11.9-19.7],2.6 [1.9-3.5]
Georgia,2013,8.2 [6.2-10.5],15.0 [11.5-19.1],2.3 [1.6-3.1]
Georgia,2012,7.7 [5.8-9.9],14.0 [10.8-17.9],2.1 [1.5-2.9]
Georgia,2011,7.2 [5.4-9.3],13.0 [9.9-16.7],2.2 [1.6-3.0]
Georgia,2010,7.0 [5.3-9.1],12.7 [9.7-16.3],2.1 [1.5-2.8]
Germany,2017,8.3 [7.0-9.8],12.9 [11.0-15.1],3.9 [3.2-4.7]
Germany,2016,8.8 [7.6-10.2],13.5 [11.7-15.5],4.3 [3.7-5.1]
Germany,2015,9.0 [7.8-10.3],13.5 [11.8-15.3],4.7 [4.1-5.5]
Germany,2014,9.2 [8.1-10.4],14.2 [12.5-15.9],4.5 [3.9-5.1]
Germany,2013,9.2 [8.2-10.3],14.1 [12.5-15.8],4.6 [4.0-5.2]
Germany,2012,9.0 [8.0-10.1],13.6 [12.1-15.2],4.6 [4.0-5.2]
Germany,2011,9.3 [8.2-10.3],14.5 [12.9-16.1],4.3 [3.8-4.9]
Germany,2010,9.5 [8.4-13.9],14.8 [13.2-22.8],4.5 [3.9-5.1]
Ghana,2017,11.3 [7.0-17.0],21.4 [13.4-32.0],2.0 [1.2-3.1]
Ghana,2016,11.7 [7.4-17.5],22.2 [14.0-32.8],2.1 [1.3-3.3]
Ghana,2015,12.0 [7.6-17.8],22.7 [14.4-33.3],2.2 [1.3-3.5]
Ghana,2014,12.4 [7.9-18.3],23.2 [14.8-34.0],2.4 [1.5-3.7]
Ghana,2013,12.8 [8.2-18.7],23.8 [15.4-34.7],2.6 [1.6-3.9]
Ghana,2012,13.0 [8.4-19.0],24.1 [15.7-35.1],2.7 [1.7-4.1]
Ghana,2011,13.1 [8.6-19.1],24.3 [15.9-35.3],2.8 [1.8-4.2]
Ghana,2010,13.3 [8.7-19.3],24.4 [16.1-35.3],3.0 [1.9-4.5]
Greece,2017,3.8 [3.0-4.7],6.1 [5.0-7.5],1.5 [1.2-2.0]
Greece,2016,3.4 [2.8-4.2],5.7 [4.7-6.8],1.3 [1.0-1.6]
Greece,2015,3.8 [3.1-4.5],6.1 [5.1-7.2],1.5 [1.2-1.9]
Greece,2014,4.0 [3.4-4.8],6.5 [5.5-7.6],1.7 [1.3-2.1]
Greece,2013,4.0 [3.3-4.7],6.4 [5.4-7.4],1.6 [1.3-2.0]
Greece,2012,3.7 [3.1-4.4],6.2 [5.3-7.2],1.4 [1.1-1.7]
Greece,2011,3.5 [3.0-4.1],5.8 [5.0-6.8],1.3 [1.0-1.7]
Greece,2010,2.7 [2.3-3.2],4.9 [4.2-5.8],0.6 [0.5-0.8]
Grenada,2017,0.7 [0.5-0.9],0.8 [0.6-1.0],0.6 [0.4-0.8]
Grenada,2016,0.9 [0.7-1.2],0.9 [0.7-1.1],0.9 [0.6-1.2]
Grenada,2015,0.6 [0.5-0.8],0.9 [0.7-1.1],0.3 [0.2-0.3]
Grenada,2014,0.5 [0.3-0.6],0.0 [0.0-0.0],0.8 [0.6-1.1]
Grenada,2013,1.1 [0.8-1.5],1.8 [1.3-2.3],0.5 [0.4-0.7]
Grenada,2012,1.6 [1.2-2.1],2.8 [2.1-3.6],0.5 [0.4-0.7]
Grenada,2011,1.6 [1.2-2.1],3.2 [2.4-4.1],0.0 [0.0-0.0]
Grenada,2010,0.7 [0.6-0.9],1.7 [1.3-2.2],0.0 [0.0-0.0]
Guatemala,2017,6.0 [4.5-7.9],9.8 [7.4-12.7],2.7 [2.0-3.5]
Guatemala,2016,6.2 [4.7-8.0],10.0 [7.7-12.8],2.8 [2.1-3.6]
Guatemala,2015,6.4 [5.0-8.1],10.4 [8.1-13.1],2.9 [2.2-3.7]
Guatemala,2014,6.4 [5.0-8.1],10.4 [8.2-13.1],2.9 [2.2-3.7]
Guatemala,2013,6.7 [5.2-8.4],10.9 [8.6-13.7],2.9 [2.3-3.8]
Guatemala,2012,7.0 [5.5-8.8],11.6 [9.1-14.4],3.0 [2.3-3.8]
Guatemala,2011,7.6 [6.0-9.6],12.7 [10.0-16.0],3.1 [2.4-4.0]
Guatemala,2010,8.7 [6.7-10.9],14.6 [11.4-18.3],3.4 [2.6-4.4]
Guinea,2017,12.5 [6.8-20.7],18.4 [9.8-30.6],8.3 [4.7-13.8]
Guinea,2016,12.8 [7.0-21.1],19.0 [10.1-31.6],8.4 [4.8-13.8]
Guinea,2015,13.0 [7.1-21.5],19.4 [10.3-32.2],8.5 [4.9-14.0]
Guinea,2014,13.0 [7.1-21.4],19.6 [10.4-32.3],8.3 [4.8-13.6]
Guinea,2013,13.2 [7.3-21.8],19.8 [10.5-32.9],8.6 [5.0-14.0]
Guinea,2012,12.9 [7.1-21.3],19.3 [10.3-32.1],8.4 [4.9-13.7]
Guinea,2011,12.8 [7.1-21.0],19.0 [10.1-31.5],8.4 [4.9-13.7]
Guinea,2010,12.5 [6.9-20.6],18.5 [9.9-30.8],8.2 [4.8-13.4]
Guinea-Bissau,2017,13.1 [7.4-21.3],21.0 [11.6-33.9],7.0 [4.0-11.7]
Guinea-Bissau,2016,13.1 [7.4-21.4],21.1 [11.8-33.9],7.1 [4.1-11.8]
Guinea-Bissau,2015,13.1 [7.4-21.2],20.9 [11.6-33.6],7.2 [4.1-11.9]
Guinea-Bissau,2014,14.1 [8.0-22.9],22.9 [12.7-36.7],7.4 [4.3-12.3]
Guinea-Bissau,2013,14.8 [8.3-23.8],24.1 [13.4-38.6],7.6 [4.5-12.6]
Guinea-Bissau,2012,14.7 [8.3-23.7],24.1 [13.4-38.6],7.5 [4.4-12.3]
Guinea-Bissau,2011,15.1 [8.5-24.2],24.6 [13.7-39.4],7.8 [4.6-12.7]
Guinea-Bissau,2010,15.4 [8.7-24.7],25.3 [14.0-40.4],7.9 [4.6-12.8]
Guyana,2017,39.9 [27.5-63.3],63.9 [44.7-102.8],16.3 [10.6-24.0]
Guyana,2016,39.6 [28.0-62.3],63.8 [45.7-101.8],16.1 [10.6-23.2]
Guyana,2015,39.3 [28.4-60.8],63.5 [46.7-99.9],15.9 [10.7-22.5]
Guyana,2014,39.5 [29.4-52.0],66.4 [50.2-86.4],13.6 [9.3-18.8]
Guyana,2013,40.7 [30.5-53.3],65.4 [50.0-84.2],17.1 [11.9-23.8]
Guyana,2012,37.6 [28.6-63.1],60.5 [46.9-106.0],15.9 [11.1-21.8]
Guyana,2011,35.3 [27.0-59.4],56.8 [44.3-99.9],14.8 [10.5-20.4]
Guyana,2010,36.4 [28.0-59.9],57.7 [45.3-99.3],15.8 [11.3-21.6]
Haiti,2017,11.4 [5.9-18.9],15.1 [7.4-24.9],8.3 [4.6-13.7]
Haiti,2016,11.6 [6.0-19.3],15.1 [7.3-25.0],8.7 [4.8-14.4]
Haiti,2015,12.0 [6.1-19.8],15.3 [7.5-25.4],9.1 [5.1-15.0]
Haiti,2014,12.0 [6.2-19.9],15.2 [7.4-25.4],9.3 [5.1-15.2]
Haiti,2013,12.0 [6.2-19.8],15.2 [7.4-25.1],9.4 [5.2-15.3]
Haiti,2012,12.2 [6.3-20.1],15.3 [7.5-25.2],9.6 [5.3-15.8]
Haiti,2011,12.5 [6.4-20.5],15.3 [7.5-25.2],10.1 [5.5-16.6]
Haiti,2010,13.2 [6.8-21.8],16.0 [7.8-26.4],10.8 [5.9-18.0]
Honduras,2017,2.7 [1.4-5.3],4.6 [2.4-9.2],1.0 [0.6-1.8]
Honduras,2016,2.7 [1.4-5.2],4.5 [2.3-9.0],1.0 [0.6-1.7]
Honduras,2015,4.6 [2.3-9.3],8.3 [4.1-17.2],1.1 [0.6-1.8]
Honduras,2014,4.1 [2.1-8.2],7.3 [3.7-15.0],1.0 [0.6-1.8]
Honduras,2013,3.9 [2.0-7.9],7.0 [3.6-14.4],1.0 [0.6-1.8]
Honduras,2012,4.0 [2.0-8.0],7.1 [3.7-14.7],1.0 [0.6-1.7]
Honduras,2011,2.6 [1.4-5.1],4.4 [2.3-8.8],1.0 [0.5-1.7]
Honduras,2010,2.7 [1.4-5.2],4.5 [2.3-9.0],1.0 [0.6-1.8]
Hungary,2017,12.6 [10.7-14.8],21.1 [18.0-24.6],5.3 [4.3-6.4]
Hungary,2016,13.3 [11.4-15.4],21.9 [18.9-25.0],6.1 [5.0-7.3]
Hungary,2015,14.6 [12.7-16.7],24.0 [21.0-27.2],6.5 [5.5-7.7]
Hungary,2014,15.0 [13.1-17.0],25.0 [22.1-28.1],6.3 [5.3-7.3]
Hungary,2013,16.1 [14.2-18.2],26.8 [23.8-30.0],7.0 [6.0-8.1]
Hungary,2012,18.4 [16.2-20.7],30.9 [27.5-34.6],7.5 [6.4-8.7]
Hungary,2011,18.9 [16.7-21.4],31.8 [28.3-35.5],7.7 [6.6-9.0]
Hungary,2010,19.2 [17.0-21.5],32.6 [29.2-36.4],7.6 [6.6-8.8]
Iceland,2017,11.7 [9.3-14.2],20.8 [16.8-25.1],2.3 [1.7-3.0]
Iceland,2016,12.3 [9.8-15.0],20.3 [16.4-24.5],4.0 [3.0-5.1]
Iceland,2015,13.2 [10.5-16.2],21.0 [17.0-25.5],5.2 [3.9-6.6]
Iceland,2014,14.4 [11.5-17.7],20.6 [16.7-24.8],8.1 [6.2-10.4]
Iceland,2013,12.5 [10.0-15.3],18.5 [15.1-22.4],6.4 [4.8-8.2]
Iceland,2012,12.5 [10.0-15.4],17.0 [13.8-20.6],8.0 [6.2-10.3]
Iceland,2011,10.7 [8.5-13.1],16.5 [13.3-20.0],4.8 [3.7-6.2]
Iceland,2010,11.8 [9.4-14.5],18.2 [14.6-22.1],5.3 [4.1-6.8]
India,2017,12.5 [9.2-15.4],14.3 [9.8-17.6],10.7 [8.6-13.1]
India,2016,12.6 [9.4-15.2],14.4 [9.9-17.4],10.8 [9.0-13.0]
India,2015,12.9 [9.8-15.3],14.8 [10.3-17.5],11.1 [9.3-13.1]
India,2014,13.5 [10.1-15.7],15.7 [10.7-18.2],11.3 [9.5-13.2]
India,2013,14.4 [10.9-16.7],16.8 [11.6-19.5],12.1 [10.3-13.9]
India,2012,15.1 [11.4-17.4],17.6 [12.1-20.4],12.5 [10.7-14.3]
India,2011,15.5 [11.7-18.0],17.9 [12.3-20.9],13.1 [11.2-15.1]
India,2010,15.6 [11.9-18.2],18.0 [12.6-21.1],13.2 [11.2-15.2]
Indonesia,2017,2.6 [1.9-3.5],4.0 [2.8-5.6],1.2 [0.9-1.5]
Indonesia,2016,2.6 [1.9-3.5],4.0 [2.8-5.5],1.2 [0.9-1.6]
Indonesia,2015,2.6 [1.9-3.4],3.9 [2.8-5.4],1.2 [1.0-1.6]
Indonesia,2014,2.6 [1.9-3.5],4.0 [2.9-5.4],1.3 [1.0-1.6]
Indonesia,2013,2.7 [2.0-3.5],4.1 [3.0-5.4],1.3 [1.1-1.7]
Indonesia,2012,2.8 [2.0-3.6],4.2 [3.0-5.5],1.4 [1.1-1.7]
Indonesia,2011,2.9 [2.1-3.7],4.3 [3.1-5.6],1.5 [1.2-1.8]
Indonesia,2010,2.9 [2.2-3.7],4.4 [3.2-5.6],1.5 [1.2-1.9]
Iran (Islamic Republic of),2017,5.8 [4.5-7.1],8.6 [6.4-10.9],3.0 [2.7-3.3]
Iran (Islamic Republic of),2016,5.9 [4.6-7.2],8.8 [6.4-11.0],3.0 [2.7-3.4]
Iran (Islamic Republic of),2015,6.0 [4.7-7.3],8.8 [6.5-11.1],3.1 [2.8-3.4]
Iran (Islamic Republic of),2014,6.1 [4.8-7.4],8.8 [6.7-11.2],3.3 [3.0-3.7]
Iran (Islamic Republic of),2013,6.1 [4.9-7.5],8.7 [6.7-11.2],3.5 [3.1-3.8]
Iran (Islamic Republic of),2012,6.2 [5.0-7.7],8.7 [6.7-11.3],3.6 [3.3-4.0]
Iran (Islamic Republic of),2011,6.1 [5.1-7.7],8.5 [6.7-11.1],3.8 [3.4-4.2]
Iran (Islamic Republic of),2010,5.8 [4.8-7.3],7.8 [6.2-10.4],3.8 [3.4-4.2]
Iraq,2017,5.2 [3.1-8.1],7.8 [4.6-12.2],2.7 [1.7-4.3]
Iraq,2016,5.3 [3.2-8.3],8.0 [4.8-12.4],2.8 [1.7-4.4]
Iraq,2015,5.4 [3.3-8.4],8.1 [4.9-12.6],2.9 [1.8-4.4]
Iraq,2014,5.5 [3.3-8.5],8.2 [4.9-12.7],3.0 [1.8-4.5]
Iraq,2013,5.7 [3.5-8.8],8.5 [5.1-13.0],3.1 [1.9-4.8]
Iraq,2012,5.6 [3.4-8.7],8.2 [5.0-12.8],3.2 [2.0-4.9]
Iraq,2011,5.5 [3.4-8.7],8.0 [4.9-12.7],3.2 [2.0-5.0]
Iraq,2010,5.3 [3.2-8.5],7.7 [4.7-12.4],3.2 [1.9-4.9]
Ireland,2017,9.3 [7.5-11.4],15.0 [12.3-18.2],3.7 [2.9-4.7]
Ireland,2016,9.4 [7.7-11.3],15.2 [12.6-18.1],3.7 [2.9-4.6]
Ireland,2015,8.7 [7.3-10.3],13.8 [11.8-16.1],3.7 [2.9-4.6]
Ireland,2014,10.5 [9.0-12.2],17.3 [15.0-19.9],3.8 [3.0-4.6]
Ireland,2013,10.5 [9.0-12.1],16.9 [14.7-19.2],4.3 [3.4-5.2]
Ireland,2012,11.7 [10.1-13.3],19.1 [16.7-21.6],4.4 [3.6-5.3]
Ireland,2011,11.8 [10.3-13.4],19.5 [17.2-21.9],4.2 [3.5-5.1]
Ireland,2010,11.2 [9.7-12.8],17.5 [15.4-19.6],4.9 [4.0-6.0]
Israel,2017,5.0 [4.0-6.1],7.8 [6.4-9.5],2.3 [1.8-2.9]
Israel,2016,5.0 [4.1-6.1],8.4 [6.9-10.0],1.9 [1.5-2.4]
Israel,2015,4.5 [3.7-5.3],7.2 [6.0-8.5],1.9 [1.5-2.4]
Israel,2014,5.0 [4.2-16.7],7.9 [6.6-30.2],2.3 [1.8-2.9]
Israel,2013,5.1 [4.2-6.0],7.9 [6.7-9.2],2.4 [1.9-3.0]
Israel,2012,6.0 [5.1-7.0],10.1 [8.6-11.7],2.2 [1.7-2.6]
Israel,2011,5.5 [4.6-6.4],8.9 [7.6-10.3],2.3 [1.8-2.8]
Israel,2010,6.6 [5.6-7.6],11.0 [9.5-12.7],2.4 [1.9-2.9]
Italy,2017,4.8 [4.5-5.3],7.7 [7.1-8.3],2.2 [2.0-2.4]
Italy,2016,4.4 [4.0-4.7],6.9 [6.5-7.5],1.9 [1.8-2.1]
Italy,2015,4.8 [4.5-8.7],7.6 [7.1-8.1],2.2 [2.0-9.7]
Italy,2014,5.0 [4.7-5.4],7.9 [7.4-8.4],2.4 [2.2-2.6]
Italy,2013,5.3 [5.0-9.2],8.4 [7.9-15.9],2.4 [2.2-2.6]
Italy,2012,5.4 [5.0-5.7],8.6 [8.1-9.1],2.3 [2.1-2.5]
Italy,2011,5.1 [4.8-5.4],8.4 [7.9-8.8],2.2 [2.0-2.3]
Italy,2010,4.8 [4.5-8.6],7.8 [7.3-8.2],2.1 [1.9-9.5]
Jamaica,2017,2.2 [1.5-3.0],3.5 [2.4-4.8],1.0 [0.7-1.4]
Jamaica,2016,2.2 [1.6-3.0],3.4 [2.5-4.6],1.0 [0.7-1.4]
Jamaica,2015,2.2 [1.6-2.9],3.4 [2.5-4.5],1.0 [0.7-1.4]
Jamaica,2014,2.2 [1.6-2.9],3.5 [2.6-4.5],1.0 [0.7-1.3]
Jamaica,2013,2.0 [1.5-2.6],3.2 [2.4-4.1],0.9 [0.7-1.2]
Jamaica,2012,2.1 [1.6-2.7],3.3 [2.5-4.3],0.9 [0.7-1.2]
Jamaica,2011,2.3 [1.7-2.9],3.7 [2.8-4.7],0.9 [0.7-1.2]
Jamaica,2010,2.0 [1.5-2.5],3.1 [2.4-4.0],0.9 [0.6-1.1]
Japan,2017,13.5 [12.9-14.0],19.4 [18.7-20.1],7.6 [7.1-8.0]
Japan,2016,13.7 [13.2-14.2],19.7 [19.1-20.3],7.7 [7.3-8.1]
Japan,2015,14.9 [14.3-18.1],21.4 [20.7-27.3],8.4 [7.9-8.8]
Japan,2014,15.8 [15.2-21.5],22.4 [21.7-28.2],9.1 [8.6-14.9]
Japan,2013,16.7 [16.1-19.9],23.9 [23.2-29.7],9.5 [9.0-10.0]
Japan,2012,17.0 [16.4-17.5],24.4 [23.7-25.0],9.7 [9.1-10.1]
Japan,2011,18.4 [17.8-19.0],25.9 [25.2-26.6],11.0 [10.4-11.4]
Japan,2010,18.8 [18.1-19.4],27.4 [26.6-28.1],10.3 [9.7-10.7]
Jordan,2017,1.9 [1.3-2.7],2.8 [1.9-4.1],0.9 [0.6-1.3]
Jordan,2016,1.9 [1.3-2.6],2.8 [1.9-4.0],0.9 [0.6-1.3]
Jordan,2015,1.9 [1.3-2.6],2.8 [1.9-3.9],0.9 [0.6-1.3]
Jordan,2014,1.9 [1.3-2.6],2.8 [1.9-3.8],0.9 [0.6-1.3]
Jordan,2013,1.9 [1.3-2.6],2.8 [2.0-3.8],0.9 [0.7-1.3]
Jordan,2012,2.0 [1.4-2.7],2.9 [2.1-4.0],1.0 [0.7-1.3]
Jordan,2011,2.0 [1.4-2.7],2.9 [2.1-4.0],1.0 [0.7-1.4]
Jordan,2010,2.0 [1.5-2.8],3.0 [2.2-4.1],1.0 [0.7-1.4]
Kazakhstan,2017,21.2 [17.4-25.4],36.6 [30.1-43.8],7.8 [6.3-9.5]
Kazakhstan,2016,22.0 [18.3-26.1],38.2 [31.9-45.3],7.9 [6.5-9.5]
Kazakhstan,2015,23.4 [19.8-27.5],40.8 [34.5-47.7],8.2 [6.8-9.8]
Kazakhstan,2014,24.2 [20.7-28.2],42.2 [36.1-48.9],8.5 [7.0-10.0]
Kazakhstan,2013,26.2 [22.5-30.2],45.6 [39.3-52.5],9.0 [7.6-10.6]
Kazakhstan,2012,27.3 [23.6-31.4],47.7 [41.4-54.7],9.3 [7.9-11.0]
Kazakhstan,2011,28.3 [24.5-32.5],49.4 [43.0-56.5],9.7 [8.2-11.3]
Kazakhstan,2010,29.4 [25.5-33.6],51.3 [44.7-58.4],10.1 [8.6-11.8]
Kenya,2017,10.6 [7.6-14.8],17.6 [12.5-24.9],5.0 [3.6-6.6]
Kenya,2016,10.5 [7.6-14.2],17.2 [12.4-23.6],5.0 [3.7-6.5]
Kenya,2015,10.6 [7.7-14.3],17.4 [12.6-23.7],5.3 [3.9-6.8]
Kenya,2014,11.1 [8.1-14.7],18.0 [13.0-24.3],5.5 [4.1-7.1]
Kenya,2013,11.6 [8.7-15.2],18.9 [14.1-25.2],5.7 [4.3-7.1]
Kenya,2012,11.7 [8.7-15.1],19.2 [14.2-25.3],5.5 [4.2-6.9]
Kenya,2011,11.8 [8.9-15.2],19.4 [14.6-25.5],5.6 [4.4-6.9]
Kenya,2010,11.9 [9.0-15.2],19.0 [14.4-24.7],6.2 [4.7-7.5]
Kiribati,2017,31.5 [19.8-46.7],55.4 [35.2-81.1],9.7 [5.6-15.3]
Kiribati,2016,31.4 [19.7-46.7],55.0 [35.0-80.9],9.8 [5.7-15.5]
Kiribati,2015,31.6 [19.8-47.0],55.3 [35.2-81.4],9.9 [5.8-15.6]
Kiribati,2014,31.6 [19.8-47.1],55.3 [35.2-81.4],10.0 [5.8-15.8]
Kiribati,2013,32.3 [20.4-48.2],56.6 [36.1-83.5],10.2 [5.9-16.0]
Kiribati,2012,32.0 [20.2-47.9],55.9 [35.8-82.8],10.2 [6.0-16.0]
Kiribati,2011,32.9 [20.6-49.3],57.4 [36.5-85.4],10.3 [6.0-16.2]
Kiribati,2010,32.7 [20.4-48.8],57.1 [36.0-84.7],10.3 [6.0-16.1]
Kuwait,2017,2.5 [1.8-3.4],3.6 [2.7-4.8],0.7 [0.5-1.0]
Kuwait,2016,2.5 [1.8-3.2],3.6 [2.7-4.6],0.7 [0.5-1.0]
Kuwait,2015,2.4 [1.8-3.1],3.5 [2.7-4.4],0.7 [0.5-1.0]
Kuwait,2014,2.4 [1.8-3.0],3.4 [2.7-4.3],0.8 [0.6-1.0]
Kuwait,2013,2.3 [1.8-2.9],3.4 [2.6-4.2],0.8 [0.6-1.1]
Kuwait,2012,2.3 [1.8-2.9],3.3 [2.6-4.1],0.9 [0.6-1.1]
Kuwait,2011,2.2 [1.8-2.8],3.1 [2.5-3.9],0.9 [0.7-1.2]
Kuwait,2010,2.4 [1.9-3.0],3.4 [2.7-4.2],1.0 [0.7-1.3]
Kyrgyzstan,2017,9.2 [7.5-11.3],15.1 [12.4-18.4],3.8 [3.0-4.8]
Kyrgyzstan,2016,9.6 [7.9-11.6],15.7 [13.0-18.8],4.0 [3.2-5.0]
Kyrgyzstan,2015,10.9 [9.0-13.0],18.1 [15.1-21.4],4.2 [3.3-5.2]
Kyrgyzstan,2014,11.5 [9.6-13.6],19.1 [16.1-22.4],4.4 [3.5-5.4]
Kyrgyzstan,2013,11.4 [9.6-13.4],19.1 [16.2-22.3],4.3 [3.4-5.2]
Kyrgyzstan,2012,11.9 [10.0-14.0],19.8 [16.9-23.1],4.6 [3.7-5.6]
Kyrgyzstan,2011,12.3 [10.4-14.4],20.2 [17.2-23.5],4.9 [4.0-6.0]
Kyrgyzstan,2010,12.4 [10.5-14.6],20.6 [17.6-24.0],4.8 [3.9-5.8]
Lao People's Democratic Republic,2017,6.2 [3.4-10.0],8.9 [4.9-14.4],3.6 [2.0-5.8]
Lao People's Democratic Republic,2016,6.2 [3.4-10.0],8.8 [4.8-14.3],3.6 [2.0-5.9]
Lao People's Democratic Republic,2015,6.2 [3.4-10.0],8.8 [4.8-14.3],3.7 [2.1-5.9]
Lao People's Democratic Republic,2014,6.2 [3.4-10.0],8.7 [4.8-14.2],3.8 [2.1-6.0]
Lao People's Democratic Republic,2013,6.3 [3.5-10.2],8.9 [4.8-14.5],3.9 [2.2-6.2]
Lao People's Democratic Republic,2012,6.4 [3.5-10.4],8.9 [4.9-14.6],4.0 [2.3-6.4]
Lao People's Democratic Republic,2011,6.7 [3.7-10.8],9.3 [5.1-15.1],4.3 [2.4-6.8]
Lao People's Democratic Republic,2010,6.8 [3.8-11.0],9.4 [5.2-15.3],4.4 [2.5-7.0]
Latvia,2017,17.1 [13.0-22.1],30.2 [23.5-38.4],5.5 [3.8-7.7]
Latvia,2016,17.1 [13.7-21.2],30.3 [24.7-36.8],5.5 [4.0-7.5]
Latvia,2015,17.1 [14.1-20.6],30.5 [25.4-36.2],5.5 [4.2-7.0]
Latvia,2014,17.2 [14.3-20.5],31.0 [26.0-36.4],5.2 [4.0-6.7]
Latvia,2013,16.7 [14.1-19.6],30.9 [26.4-36.0],4.5 [3.5-5.7]
Latvia,2012,19.4 [16.4-22.7],35.9 [30.8-41.6],4.9 [3.9-6.2]
Latvia,2011,18.2 [15.4-21.2],33.9 [29.2-39.2],4.9 [3.9-6.1]
Latvia,2010,18.6 [15.9-21.6],35.6 [30.8-40.9],4.0 [3.2-5.0]
Lebanon,2017,3.0 [1.6-5.3],4.3 [2.3-7.8],1.7 [1.0-2.8]
Lebanon,2016,2.8 [1.5-4.9],3.9 [2.1-7.0],1.7 [1.0-2.8]
Lebanon,2015,2.9 [1.6-5.0],4.0 [2.2-7.2],1.7 [1.0-2.8]
Lebanon,2014,2.8 [1.6-4.9],3.9 [2.2-7.0],1.7 [1.0-2.8]
Lebanon,2013,3.0 [1.7-5.2],4.2 [2.3-7.5],1.8 [1.0-2.9]
Lebanon,2012,3.0 [1.7-5.1],4.2 [2.3-7.4],1.8 [1.1-2.9]
Lebanon,2011,3.1 [1.7-5.2],4.2 [2.3-7.5],1.9 [1.1-3.0]
Lebanon,2010,3.0 [1.7-5.2],4.2 [2.3-7.3],1.9 [1.1-2.9]
Lesotho,2017,96.3 [35.2-181.9],164.0 [58.4-291.1],35.8 [13.9-84.6]
Lesotho,2016,107.1 [39.4-201.8],180.1 [64.4-318.5],41.9 [16.4-98.1]
Lesotho,2015,114.5 [42.5-215.9],191.5 [69.4-339.0],45.9 [17.9-106.7]
Lesotho,2014,116.2 [43.4-217.7],195.2 [71.0-343.2],46.3 [18.3-107.0]
Lesotho,2013,111.4 [41.7-208.0],188.2 [68.4-330.2],44.2 [17.7-101.3]
Lesotho,2012,102.0 [38.0-189.7],172.9 [62.3-302.4],40.7 [16.5-92.7]
Lesotho,2011,91.1 [33.9-169.4],156.9 [56.2-274.5],34.9 [14.4-79.9]
Lesotho,2010,86.9 [32.5-160.6],152.7 [55.0-267.5],30.7 [12.7-69.5]
Liberia,2017,7.6 [3.8-14.4],9.0 [4.6-16.7],6.2 [3.1-12.2]
Liberia,2016,7.6 [3.9-14.5],9.1 [4.7-16.8],6.2 [3.1-12.3]
Liberia,2015,7.7 [3.9-14.6],9.2 [4.8-16.9],6.3 [3.2-12.4]
Liberia,2014,8.5 [4.4-16.0],10.1 [5.3-18.6],6.9 [3.5-13.6]
Liberia,2013,8.5 [4.4-15.9],10.4 [5.5-19.0],6.8 [3.4-13.2]
Liberia,2012,8.7 [4.5-16.4],10.7 [5.7-19.6],6.9 [3.5-13.6]
Liberia,2011,8.8 [4.6-16.7],10.8 [5.7-19.8],7.1 [3.6-13.8]
Liberia,2010,8.7 [4.5-16.3],10.6 [5.6-19.5],6.9 [3.5-13.4]
Libya,2017,5.5 [3.1-9.0],7.7 [4.5-12.7],3.2 [1.8-5.3]
Libya,2016,5.0 [2.8-8.1],6.9 [4.0-11.3],3.0 [1.7-5.0]
Libya,2015,5.5 [3.1-9.0],7.8 [4.5-12.9],3.1 [1.7-5.1]
Libya,2014,6.1 [3.4-9.9],8.9 [5.1-14.5],3.2 [1.8-5.2]
Libya,2013,4.8 [2.7-7.7],6.4 [3.7-10.4],3.1 [1.7-5.0]
Libya,2012,5.6 [3.1-9.0],7.7 [4.4-12.5],3.3 [1.9-5.4]
Libya,2011,5.0 [2.8-8.0],6.7 [3.8-10.9],3.2 [1.8-5.1]
Libya,2010,5.4 [3.1-8.7],7.2 [4.2-11.7],3.6 [2.0-5.7]
Lithuania,2017,23.5 [19.7-27.7],41.1 [34.8-48.0],8.1 [6.4-10.0]
Lithuania,2016,26.2 [22.5-30.3],48.6 [42.0-55.8],6.6 [5.3-8.0]
Lithuania,2015,28.9 [25.0-33.2],51.7 [45.2-58.7],8.9 [7.2-10.8]
Lithuania,2014,29.4 [25.7-33.5],53.7 [47.4-60.5],8.2 [6.6-9.8]
Lithuania,2013,34.0 [29.8-38.5],60.2 [53.4-67.7],11.0 [9.1-13.1]
Lithuania,2012,29.2 [25.7-33.1],52.3 [46.4-58.8],9.0 [7.5-10.7]
Lithuania,2011,31.8 [27.9-52.5],56.3 [49.9-95.5],10.5 [8.8-12.4]
Lithuania,2010,31.3 [27.6-35.4],56.1 [49.8-62.9],9.6 [8.1-11.4]
Luxembourg,2017,7.5 [5.8-9.7],10.6 [8.2-13.5],4.5 [3.3-5.8]
Luxembourg,2016,7.6 [5.8-9.7],10.6 [8.2-13.4],4.6 [3.4-6.1]
Luxembourg,2015,9.6 [7.4-12.2],13.0 [10.2-16.4],6.2 [4.7-8.1]
Luxembourg,2014,10.1 [7.8-12.8],12.8 [10.1-16.0],7.4 [5.6-9.5]
Luxembourg,2013,8.8 [6.9-11.1],12.6 [9.9-15.7],5.1 [3.9-6.5]
Luxembourg,2012,9.0 [7.0-11.2],12.4 [9.9-15.3],5.5 [4.2-7.0]
Luxembourg,2011,9.3 [7.4-11.6],13.2 [10.5-16.2],5.6 [4.3-7.1]
Luxembourg,2010,9.6 [7.6-11.9],14.4 [11.5-17.6],4.9 [3.8-6.2]
Madagascar,2017,9.3 [5.5-14.9],13.6 [8.2-21.5],5.5 [3.2-8.8]
Madagascar,2016,9.5 [5.7-15.0],13.8 [8.3-21.8],5.5 [3.2-8.9]
Madagascar,2015,9.5 [5.7-15.1],13.9 [8.4-21.8],5.6 [3.2-8.9]
Madagascar,2014,9.8 [5.9-15.4],14.3 [8.7-22.3],5.7 [3.3-9.1]
Madagascar,2013,9.8 [5.9-15.4],14.3 [8.7-22.2],5.7 [3.4-9.0]
Madagascar,2012,9.9 [6.0-15.5],14.4 [8.8-22.4],5.7 [3.4-9.1]
Madagascar,2011,10.1 [6.2-15.9],14.8 [9.1-23.0],5.9 [3.5-9.3]
Madagascar,2010,10.2 [6.2-15.9],14.8 [9.1-23.0],5.9 [3.5-9.3]
Malawi,2017,11.7 [7.4-17.6],21.9 [14.1-32.4],3.8 [2.3-6.0]
Malawi,2016,12.2 [7.8-18.4],22.8 [14.8-33.8],4.0 [2.4-6.3]
Malawi,2015,12.6 [8.1-18.7],23.4 [15.3-34.3],4.2 [2.6-6.6]
Malawi,2014,12.8 [8.3-18.9],23.6 [15.5-34.5],4.3 [2.7-6.7]
Malawi,2013,13.0 [8.5-19.2],24.0 [15.8-34.8],4.6 [2.8-7.0]
Malawi,2012,13.7 [9.0-20.0],24.7 [16.5-35.6],5.2 [3.2-7.9]
Malawi,2011,14.6 [9.6-21.3],25.7 [17.2-36.9],6.0 [3.7-9.2]
Malawi,2010,16.0 [10.5-23.3],27.7 [18.6-39.6],7.0 [4.3-10.6]
Malaysia,2017,5.6 [3.6-8.4],8.6 [5.5-13.1],2.4 [1.6-3.5]
Malaysia,2016,5.4 [3.5-8.0],8.2 [5.4-12.3],2.4 [1.6-3.5]
Malaysia,2015,5.2 [3.5-7.6],7.9 [5.3-11.7],2.4 [1.7-3.4]
Malaysia,2014,5.1 [3.5-7.3],7.7 [5.2-11.2],2.4 [1.7-3.3]
Malaysia,2013,4.9 [3.4-6.9],7.3 [5.0-10.5],2.4 [1.7-3.2]
Malaysia,2012,5.2 [3.6-7.3],7.8 [5.4-11.1],2.5 [1.8-3.3]
Malaysia,2011,5.2 [3.7-7.4],7.9 [5.5-11.3],2.5 [1.8-3.3]
Malaysia,2010,5.3 [3.7-7.4],7.9 [5.5-11.3],2.5 [1.9-3.4]
Maldives,2017,3.1 [2.0-4.6],4.6 [2.9-6.8],0.8 [0.5-1.3]
Maldives,2016,3.2 [2.0-4.6],4.7 [3.1-6.9],0.8 [0.5-1.3]
Maldives,2015,3.0 [1.9-4.3],4.4 [2.9-6.5],0.9 [0.5-1.3]
Maldives,2014,2.9 [1.9-4.2],4.4 [2.9-6.4],0.9 [0.5-1.3]
Maldives,2013,2.8 [1.8-4.1],4.3 [2.8-6.2],0.9 [0.5-1.4]
Maldives,2012,2.9 [1.9-4.2],4.4 [2.9-6.4],0.9 [0.6-1.4]
Maldives,2011,2.9 [1.9-4.2],4.4 [2.9-6.5],1.0 [0.6-1.5]
Maldives,2010,3.1 [2.0-4.5],4.7 [3.1-6.9],1.0 [0.6-1.6]
Mali,2017,8.0 [4.1-14.7],10.5 [4.9-20.8],5.8 [3.3-9.4]
Mali,2016,8.3 [4.2-15.2],10.7 [5.1-21.3],6.1 [3.5-9.8]
Mali,2015,8.5 [4.3-15.5],10.9 [5.2-21.6],6.3 [3.6-10.1]
Mali,2014,8.7 [4.4-15.8],11.2 [5.3-22.0],6.4 [3.7-10.3]
Mali,2013,8.8 [4.5-16.0],11.3 [5.3-22.4],6.5 [3.7-10.4]
Mali,2012,8.7 [4.5-16.0],11.3 [5.3-22.5],6.4 [3.6-10.3]
Mali,2011,8.7 [4.4-16.0],11.3 [5.3-22.5],6.4 [3.6-10.2]
Mali,2010,8.7 [4.4-16.0],11.2 [5.3-22.5],6.4 [3.7-10.3]
Malta,2017,4.8 [3.6-6.3],7.7 [5.8-9.9],2.0 [1.4-2.6]
Malta,2016,5.1 [3.9-6.6],8.0 [6.1-10.3],2.2 [1.6-2.9]
Malta,2015,6.6 [5.0-8.4],10.3 [7.9-13.1],2.8 [2.0-3.7]
Malta,2014,6.3 [4.8-8.2],10.2 [7.8-13.0],2.5 [1.8-3.3]
Malta,2013,5.9 [4.5-7.6],9.2 [7.0-11.7],2.8 [2.0-3.7]
Malta,2012,5.1 [3.9-6.6],8.7 [6.6-11.1],1.5 [1.1-1.9]
Malta,2011,5.7 [4.4-7.3],10.0 [7.8-12.6],1.4 [1.0-1.8]
Malta,2010,6.6 [5.1-8.3],12.0 [9.4-15.1],1.1 [0.8-1.5]
Mauritania,2017,5.4 [2.8-9.7],7.2 [3.5-13.8],3.8 [2.1-6.2]
Mauritania,2016,5.4 [2.8-9.6],7.1 [3.5-13.7],3.9 [2.1-6.3]
Mauritania,2015,5.3 [2.8-9.5],7.1 [3.5-13.3],3.9 [2.2-6.2]
Mauritania,2014,5.4 [2.8-9.5],7.1 [3.5-13.3],3.9 [2.2-6.3]
Mauritania,2013,5.4 [2.8-9.6],7.2 [3.6-13.3],3.9 [2.2-6.4]
Mauritania,2012,5.5 [2.9-9.7],7.3 [3.7-13.5],4.0 [2.2-6.5]
Mauritania,2011,5.3 [2.8-9.3],7.0 [3.6-12.8],4.0 [2.2-6.4]
Mauritania,2010,5.5 [2.9-9.6],7.2 [3.7-13.2],4.1 [2.2-6.6]
Mauritius,2017,9.6 [7.5-12.0],14.9 [11.8-18.5],4.3 [3.2-5.6]
Mauritius,2016,7.6 [6.0-9.4],12.8 [10.2-15.7],2.6 [2.0-3.3]
Mauritius,2015,7.5 [6.0-9.3],11.3 [9.1-13.8],3.8 [2.9-4.9]
Mauritius,2014,9.9 [7.9-12.1],15.8 [12.9-19.1],3.9 [3.0-5.0]
Mauritius,2013,7.8 [6.3-9.5],12.8 [10.4-15.5],2.8 [2.2-3.6]
Mauritius,2012,9.2 [7.4-11.3],14.1 [11.5-17.1],4.5 [3.5-5.7]
Mauritius,2011,8.6 [6.9-10.4],13.6 [11.1-16.4],3.8 [2.9-4.7]
Mauritius,2010,7.4 [6.0-9.0],12.0 [9.8-14.5],3.0 [2.3-3.8]
Mexico,2017,5.9 [5.5-6.3],9.9 [9.3-10.6],2.1 [2.0-2.3]
Mexico,2016,5.6 [5.3-5.9],9.4 [8.9-9.9],2.1 [1.9-2.2]
Mexico,2015,5.6 [5.3-5.9],9.2 [8.8-9.7],2.3 [2.1-2.4]
Mexico,2014,5.7 [5.4-6.0],9.5 [9.0-10.0],2.3 [2.1-2.4]
Mexico,2013,5.3 [5.0-5.6],8.9 [8.5-9.3],2.0 [1.8-2.1]
Mexico,2012,5.0 [4.7-5.2],8.3 [7.8-8.6],1.9 [1.8-2.1]
Mexico,2011,5.4 [5.1-5.6],9.0 [8.6-9.4],2.0 [1.9-2.1]
Mexico,2010,4.7 [4.4-4.9],8.0 [7.6-8.3],1.7 [1.5-1.8]
Micronesia (Federated States of),2017,28.7 [11.7-45.9],44.1 [17.6-69.9],12.8 [5.7-21.3]
Micronesia (Federated States of),2016,28.2 [11.7-45.0],43.4 [17.6-68.4],12.7 [5.7-21.0]
Micronesia (Federated States of),2015,28.4 [12.2-45.1],43.5 [18.3-68.4],12.9 [5.9-21.4]
Micronesia (Federated States of),2014,27.4 [12.4-43.4],42.1 [18.9-65.7],12.4 [5.7-20.5]
Micronesia (Federated States of),2013,27.4 [12.7-43.0],42.1 [19.3-65.2],12.4 [6.0-20.4]
Micronesia (Federated States of),2012,27.6 [13.7-42.9],42.5 [21.2-65.0],12.4 [6.2-20.4]
Micronesia (Federated States of),2011,27.5 [14.4-42.4],42.5 [22.5-64.3],12.3 [6.2-20.1]
Micronesia (Federated States of),2010,27.0 [14.6-41.5],41.8 [23.0-63.2],12.1 [6.1-19.6]
Mongolia,2017,19.1 [11.7-29.3],32.9 [20.2-50.8],6.0 [3.7-9.2]
Mongolia,2016,19.8 [12.2-30.1],34.0 [20.9-52.0],6.3 [3.9-9.6]
Mongolia,2015,19.7 [12.2-29.8],33.5 [20.7-51.1],6.5 [4.0-9.7]
Mongolia,2014,19.6 [12.2-29.6],33.3 [20.8-50.7],6.5 [4.1-9.7]
Mongolia,2013,20.4 [12.9-30.7],34.6 [21.8-52.2],7.0 [4.4-10.4]
Mongolia,2012,21.0 [13.2-31.3],35.4 [22.4-53.1],7.2 [4.5-10.8]
Mongolia,2011,21.9 [13.9-32.5],37.0 [23.6-55.4],7.4 [4.7-11.0]
Mongolia,2010,22.4 [14.4-33.3],37.8 [24.3-56.5],7.7 [4.9-11.4]
Montenegro,2017,16.3 [11.2-23.2],25.3 [17.3-36.5],8.1 [5.6-11.2]
Montenegro,2016,16.1 [11.2-22.6],24.9 [17.3-35.4],8.1 [5.7-11.2]
Montenegro,2015,16.3 [11.7-22.4],25.1 [17.9-34.5],8.4 [6.0-11.4]
Montenegro,2014,16.3 [11.7-22.2],25.1 [18.0-34.2],8.4 [6.0-11.3]
Montenegro,2013,16.3 [11.7-22.1],25.3 [18.1-34.3],8.2 [5.9-11.1]
Montenegro,2012,17.1 [12.3-22.9],26.4 [19.0-35.5],8.5 [6.1-11.4]
Montenegro,2011,17.0 [12.3-22.6],26.6 [19.3-35.2],8.3 [6.0-11.1]
Montenegro,2010,16.5 [12.1-21.7],25.7 [18.8-33.6],8.2 [5.9-10.9]
Morocco,2017,7.3 [3.4-13.3],9.8 [4.4-17.5],5.0 [2.5-9.4]
Morocco,2016,7.4 [3.5-13.5],9.9 [4.5-17.6],5.1 [2.6-9.7]
Morocco,2015,7.6 [3.6-13.8],10.1 [4.7-17.9],5.3 [2.7-10.1]
Morocco,2014,7.9 [3.8-14.3],10.4 [4.8-18.4],5.6 [2.8-10.5]
Morocco,2013,8.2 [3.9-15.0],10.9 [4.9-19.3],5.8 [2.9-11.1]
Morocco,2012,9.2 [4.2-16.7],12.5 [5.6-22.2],6.1 [2.9-11.7]
Morocco,2011,9.5 [4.3-17.5],13.0 [5.6-23.1],6.3 [3.0-12.3]
Morocco,2010,9.5 [4.3-17.6],12.9 [5.5-23.0],6.5 [3.1-12.6]
Mozambique,2017,23.1 [13.7-35.8],42.9 [26.0-65.0],8.6 [4.8-14.2]
Mozambique,2016,23.4 [14.0-35.9],43.5 [26.4-65.6],8.7 [4.9-14.2]
Mozambique,2015,24.0 [14.4-36.7],44.4 [27.1-66.7],9.1 [5.2-14.7]
Mozambique,2014,24.7 [14.9-37.7],45.6 [28.1-68.4],9.3 [5.3-15.0]
Mozambique,2013,26.0 [15.7-39.6],47.0 [28.9-70.2],10.6 [6.0-17.0]
Mozambique,2012,26.5 [16.1-40.0],47.5 [29.4-70.3],11.1 [6.4-17.7]
Mozambique,2011,25.9 [15.8-39.0],46.6 [29.0-69.0],10.6 [6.1-16.8]
Mozambique,2010,25.3 [15.5-38.1],45.8 [28.6-67.8],10.2 [5.8-16.1]
Myanmar,2017,3.1 [1.9-4.7],5.3 [3.3-7.9],1.2 [0.7-1.8]
Myanmar,2016,3.3 [2.0-5.0],5.7 [3.5-8.5],1.2 [0.7-2.0]
Myanmar,2015,3.3 [2.0-5.0],5.7 [3.5-8.5],1.3 [0.7-2.0]
Myanmar,2014,3.4 [2.1-5.1],5.8 [3.6-8.6],1.3 [0.8-2.1]
Myanmar,2013,3.5 [2.1-5.2],5.9 [3.6-8.7],1.4 [0.8-2.2]
Myanmar,2012,3.5 [2.1-5.4],6.0 [3.6-9.0],1.4 [0.8-2.3]
Myanmar,2011,3.7 [2.2-5.6],6.1 [3.7-9.2],1.5 [0.9-2.5]
Myanmar,2010,3.8 [2.2-5.7],6.2 [3.7-9.3],1.7 [1.0-2.6]
Namibia,2017,15.2 [8.7-25.3],27.4 [16.2-44.9],5.3 [2.7-9.4]
Namibia,2016,14.9 [8.5-24.6],25.9 [15.4-41.9],6.1 [3.1-10.7]
Namibia,2015,16.3 [9.3-27.0],27.9 [16.7-45.1],7.0 [3.6-12.4]
Namibia,2014,15.3 [8.9-25.1],26.8 [16.1-43.1],6.1 [3.2-10.6]
Namibia,2013,14.4 [8.5-23.2],26.3 [15.9-41.8],4.8 [2.5-8.1]
Namibia,2012,14.5 [8.6-23.2],26.9 [16.5-42.4],4.5 [2.4-7.6]
Namibia,2011,16.1 [9.7-25.7],29.7 [18.3-46.5],5.1 [2.7-8.8]
Namibia,2010,18.0 [10.8-28.4],32.3 [20.0-50.0],6.4 [3.4-10.8]
Nepal,2017,9.6 [5.2-15.0],18.3 [9.7-28.3],3.0 [1.7-4.8]
Nepal,2016,9.7 [5.2-15.1],18.4 [9.6-28.5],3.0 [1.7-4.8]
Nepal,2015,9.8 [5.2-15.3],18.7 [9.6-28.8],3.0 [1.7-4.8]
Nepal,2014,9.9 [5.2-15.4],18.6 [9.4-28.6],3.0 [1.7-4.8]
Nepal,2013,10.3 [5.3-15.8],18.9 [9.6-28.9],3.0 [1.7-4.8]
Nepal,2012,10.6 [5.5-16.3],19.2 [9.8-29.4],3.0 [1.7-4.8]
Nepal,2011,10.7 [5.6-16.3],19.2 [9.9-29.0],3.1 [1.8-4.8]
Nepal,2010,10.5 [5.5-15.9],18.6 [9.6-28.0],3.0 [1.8-4.7]
Netherlands (Kingdom of the),2017,9.6 [8.1-11.3],13.2 [11.2-15.4],6.0 [4.9-7.2]
Netherlands (Kingdom of the),2016,9.3 [8.0-10.8],12.8 [11.0-14.6],5.9 [4.9-7.0]
Netherlands (Kingdom of the),2015,9.3 [8.1-10.6],12.7 [11.1-14.3],6.0 [5.1-7.0]
Netherlands (Kingdom of the),2014,9.3 [8.1-10.5],12.7 [11.2-14.2],5.9 [5.1-6.8]
Netherlands (Kingdom of the),2013,9.5 [8.3-10.7],13.4 [11.9-15.0],5.6 [4.8-6.4]
Netherlands (Kingdom of the),2012,8.9 [7.8-10.0],12.2 [10.9-13.6],5.6 [4.8-6.4]
Netherlands (Kingdom of the),2011,8.4 [7.4-9.5],11.7 [10.4-13.1],5.2 [4.5-5.9]
Netherlands (Kingdom of the),2010,8.1 [7.1-9.1],11.5 [10.2-12.9],4.7 [4.0-5.3]
New Zealand,2017,12.1 [10.3-14.2],18.2 [15.6-21.1],6.3 [5.2-7.5]
New Zealand,2016,11.5 [9.9-13.3],17.2 [15.0-19.8],6.0 [5.0-7.1]
New Zealand,2015,11.1 [9.6-12.8],16.4 [14.3-18.6],6.2 [5.2-7.2]
New Zealand,2014,10.6 [9.2-12.1],16.1 [14.2-18.2],5.3 [4.5-6.3]
New Zealand,2013,11.6 [10.2-13.1],16.6 [14.8-18.6],6.8 [5.8-7.9]
New Zealand,2012,12.3 [10.9-26.0],18.4 [16.4-44.1],6.5 [5.6-7.5]
New Zealand,2011,11.0 [9.7-12.3],16.9 [15.2-18.8],5.3 [4.5-6.1]
New Zealand,2010,12.0 [10.6-13.5],17.5 [15.7-19.5],6.8 [5.8-7.9]
Nicaragua,2017,4.7 [3.4-6.4],7.7 [5.5-10.3],2.1 [1.5-2.9]
Nicaragua,2016,4.6 [3.3-6.1],7.8 [5.5-10.4],1.7 [1.3-2.3]
Nicaragua,2015,4.5 [3.2-5.9],7.1 [5.1-9.5],2.2 [1.6-2.9]
Nicaragua,2014,5.0 [3.6-6.5],8.2 [5.8-10.8],2.2 [1.6-2.8]
Nicaragua,2013,5.9 [4.2-17.0],9.8 [7.0-30.9],2.4 [1.8-3.2]
Nicaragua,2012,4.9 [3.4-16.0],7.5 [5.2-28.7],2.5 [1.9-3.3]
Nicaragua,2011,5.9 [4.1-27.6],9.5 [6.5-30.3],2.9 [2.1-25.5]
Nicaragua,2010,5.4 [3.8-6.9],8.9 [6.1-11.3],2.4 [1.8-3.0]
Niger,2017,10.2 [5.3-17.8],14.1 [7.1-25.4],6.4 [3.7-10.6]
Niger,2016,10.2 [5.3-17.9],14.2 [7.1-25.5],6.5 [3.7-10.7]
Niger,2015,10.4 [5.4-18.1],14.5 [7.2-26.0],6.6 [3.8-10.8]
Niger,2014,10.7 [5.6-18.5],14.9 [7.4-26.5],6.7 [3.9-11.0]
Niger,2013,10.7 [5.6-18.4],14.9 [7.4-26.3],6.7 [3.9-11.0]
Niger,2012,10.6 [5.6-18.3],14.7 [7.4-26.2],6.7 [3.9-10.9]
Niger,2011,10.4 [5.5-18.1],14.5 [7.3-25.9],6.6 [3.9-10.7]
Niger,2010,10.4 [5.5-18.0],14.4 [7.2-25.8],6.6 [3.9-10.7]
Nigeria,2017,7.1 [4.0-12.0],10.4 [6.2-18.1],3.9 [1.8-6.2]
Nigeria,2016,7.2 [4.0-12.2],10.7 [6.4-18.6],3.9 [1.9-6.2]
Nigeria,2015,7.3 [4.0-12.3],10.9 [6.4-18.7],4.0 [1.9-6.4]
Nigeria,2014,7.6 [4.3-12.6],11.3 [6.8-19.1],4.1 [1.9-6.5]
Nigeria,2013,8.0 [4.6-13.3],12.0 [7.2-20.3],4.3 [2.2-6.7]
Nigeria,2012,8.3 [4.8-13.6],12.5 [7.5-20.7],4.4 [2.3-6.9]
Nigeria,2011,8.7 [5.1-13.8],13.1 [8.1-21.2],4.5 [2.4-6.9]
Nigeria,2010,8.8 [5.3-13.9],13.2 [8.3-21.2],4.7 [2.5-7.0]
North Macedonia,2017,7.2 [5.0-10.1],11.1 [7.7-15.6],3.5 [2.5-5.0]
North Macedonia,2016,7.3 [5.2-9.9],11.2 [7.9-15.2],3.6 [2.6-4.8]
North Macedonia,2015,7.3 [5.2-9.8],11.3 [8.0-15.1],3.6 [2.6-4.8]
North Macedonia,2014,7.4 [5.3-9.9],11.5 [8.2-15.3],3.6 [2.6-4.8]
North Macedonia,2013,8.1 [5.8-10.6],13.2 [9.5-17.3],3.0 [2.2-4.0]
North Macedonia,2012,8.2 [5.9-10.7],11.8 [8.4-15.5],4.9 [3.7-6.5]
North Macedonia,2011,5.9 [4.3-7.7],9.2 [6.7-12.1],2.8 [2.1-3.7]
North Macedonia,2010,5.8 [4.3-7.6],8.6 [6.3-11.2],3.2 [2.4-4.1]
Norway,2017,10.4 [9.5-11.3],14.0 [12.9-15.3],6.6 [6.0-7.3]
Norway,2016,11.1 [10.2-12.0],14.7 [13.6-15.8],7.3 [6.7-8.0]
Norway,2015,10.6 [9.8-11.5],13.9 [12.9-15.0],7.1 [6.6-7.8]
Norway,2014,10.1 [9.4-10.8],14.5 [13.5-15.5],5.5 [5.1-6.1]
Norway,2013,10.3 [9.6-11.0],13.7 [12.9-14.6],6.8 [6.3-7.4]
Norway,2012,9.9 [9.3-10.7],14.2 [13.3-15.1],5.7 [5.2-6.2]
Norway,2011,11.8 [11.1-22.0],16.9 [15.9-18.0],6.7 [6.2-26.3]
Norway,2010,10.9 [10.2-11.6],15.1 [14.3-16.1],6.6 [6.1-7.2]
Oman,2017,4.5 [2.7-7.6],6.5 [3.9-10.8],1.2 [0.7-1.9]
Oman,2016,4.5 [2.7-7.5],6.5 [3.9-10.7],1.2 [0.7-1.9]
Oman,2015,4.7 [2.9-7.6],6.8 [4.2-11.0],1.3 [0.8-2.0]
Oman,2014,4.7 [2.9-7.5],6.7 [4.2-10.6],1.3 [0.8-2.0]
Oman,2013,4.8 [3.0-7.4],6.9 [4.3-10.6],1.3 [0.8-2.0]
Oman,2012,4.9 [3.1-7.4],6.9 [4.5-10.5],1.4 [0.8-2.0]
Oman,2011,5.5 [3.6-8.2],7.9 [5.1-11.8],1.5 [0.9-2.2]
Oman,2010,6.1 [4.1-9.0],8.8 [5.9-13.1],1.6 [1.0-2.4]
Pakistan,2017,10.0 [4.9-18.1],14.8 [6.4-28.4],4.9 [3.2-7.2]
Pakistan,2016,10.0 [4.9-18.1],14.9 [6.5-28.4],4.9 [3.2-7.3]
Pakistan,2015,10.0 [4.8-17.9],14.8 [6.3-28.0],4.9 [3.2-7.3]
Pakistan,2014,10.0 [4.9-18.0],14.7 [6.5-28.3],5.0 [3.3-7.3]
Pakistan,2013,10.0 [4.8-18.1],14.7 [6.2-28.3],5.0 [3.3-7.3]
Pakistan,2012,10.0 [4.9-17.9],14.7 [6.3-28.0],5.0 [3.3-7.3]
Pakistan,2011,10.0 [4.9-18.1],14.7 [6.3-28.1],5.1 [3.4-7.5]
Pakistan,2010,10.2 [4.9-18.4],14.9 [6.3-28.8],5.2 [3.5-7.5]
Panama,2017,3.2 [2.4-4.3],5.6 [4.1-7.3],0.9 [0.7-1.3]
Panama,2016,3.4 [2.6-4.2],5.7 [4.5-7.2],1.0 [0.8-1.4]
Panama,2015,3.0 [2.3-3.7],4.9 [3.9-6.0],1.1 [0.8-1.4]
Panama,2014,4.2 [3.3-5.2],7.2 [5.8-8.9],1.1 [0.8-1.5]
Panama,2013,3.5 [2.8-4.4],6.5 [5.2-7.9],0.7 [0.5-0.9]
Panama,2012,3.8 [3.0-4.6],6.6 [5.4-8.1],0.9 [0.7-1.2]
Panama,2011,4.0 [3.2-4.8],6.8 [5.6-8.2],1.2 [0.9-1.5]
Panama,2010,4.3 [3.5-5.3],7.6 [6.2-9.1],1.1 [0.8-1.4]
Papua New Guinea,2017,3.5 [2.0-6.1],5.1 [2.9-9.2],1.9 [1.1-3.0]
Papua New Guinea,2016,3.6 [2.1-6.4],5.3 [3.1-9.5],2.0 [1.1-3.2]
Papua New Guinea,2015,3.7 [2.1-6.4],5.3 [3.1-9.6],2.0 [1.1-3.3]
Papua New Guinea,2014,3.6 [2.1-6.3],5.3 [3.0-9.4],2.0 [1.1-3.2]
Papua New Guinea,2013,3.4 [2.0-6.0],5.0 [2.9-9.0],1.9 [1.1-3.0]
Papua New Guinea,2012,3.5 [2.0-6.0],5.1 [2.9-9.1],1.8 [1.1-3.0]
Papua New Guinea,2011,3.3 [1.9-5.8],4.9 [2.8-8.8],1.7 [1.0-2.8]
Papua New Guinea,2010,3.3 [1.9-5.8],4.9 [2.8-8.7],1.8 [1.0-2.8]
Paraguay,2017,6.1 [3.6-8.6],8.8 [4.9-12.4],3.4 [2.3-4.8]
Paraguay,2016,5.6 [3.4-7.7],8.3 [4.8-11.3],2.9 [2.0-4.1]
Paraguay,2015,5.9 [3.6-7.8],8.4 [4.8-11.1],3.2 [2.3-4.4]
Paraguay,2014,6.0 [3.7-24.0],8.0 [4.6-25.8],3.8 [2.7-22.2]
Paraguay,2013,5.1 [3.2-17.4],7.4 [4.4-30.8],2.7 [2.0-3.6]
Paraguay,2012,4.7 [3.1-6.2],6.3 [3.8-8.2],3.1 [2.3-4.2]
Paraguay,2011,4.7 [3.0-6.1],6.7 [4.1-8.7],2.7 [2.0-3.5]
Paraguay,2010,3.8 [2.5-5.0],5.4 [3.5-7.1],2.2 [1.6-2.9]
Peru,2017,2.7 [1.6-4.2],4.1 [2.4-6.2],1.4 [0.8-2.2]
Peru,2016,2.7 [1.6-3.9],4.0 [2.4-5.8],1.4 [0.9-2.2]
Peru,2015,2.8 [1.7-4.0],4.2 [2.5-5.9],1.5 [0.9-2.2]
Peru,2014,3.0 [1.9-4.2],4.5 [2.8-6.2],1.6 [1.0-2.3]
Peru,2013,3.2 [2.0-4.5],4.8 [3.0-6.6],1.7 [1.1-2.4]
Peru,2012,3.3 [2.1-4.6],5.0 [3.1-6.8],1.8 [1.2-2.5]
Peru,2011,3.5 [2.2-4.7],5.1 [3.1-7.0],1.9 [1.3-2.6]
Peru,2010,3.6 [2.3-5.0],5.4 [3.3-7.3],2.0 [1.4-2.7]
Philippines,2017,2.6 [2.0-9.3],4.1 [3.0-9.4],1.3 [1.0-9.4]
Philippines,2016,2.7 [2.0-9.3],4.2 [3.1-9.4],1.3 [1.0-9.5]
Philippines,2015,2.7 [2.1-9.2],4.3 [3.2-9.3],1.3 [1.1-9.3]
Philippines,2014,2.7 [2.1-9.2],4.3 [3.2-9.4],1.2 [1.0-9.3]
Philippines,2013,2.9 [2.3-8.9],4.4 [3.3-9.8],1.5 [1.3-8.2]
Philippines,2012,2.9 [2.3-8.3],4.3 [3.3-9.4],1.5 [1.3-7.3]
Philippines,2011,3.4 [2.7-9.5],5.1 [3.9-11.2],1.8 [1.6-8.1]
Philippines,2010,2.9 [2.3-8.3],4.3 [3.3-10.2],1.5 [1.3-6.5]
Poland,2017,11.1 [9.6-12.7],19.7 [17.1-22.6],2.7 [2.3-3.2]
Poland,2016,11.4 [10.7-12.2],20.5 [19.3-21.9],2.7 [2.4-2.9]
Poland,2015,13.2 [12.4-14.0],23.5 [22.3-24.9],3.3 [3.0-3.5]
Poland,2014,14.5 [13.7-15.4],25.8 [24.5-27.3],3.7 [3.4-4.0]
Poland,2013,15.1 [14.3-15.9],27.0 [25.7-28.4],3.7 [3.5-4.0]
Poland,2012,15.3 [14.6-16.0],27.7 [26.5-29.0],3.5 [3.2-3.8]
Poland,2011,15.0 [14.3-15.7],27.2 [26.0-28.4],3.4 [3.2-3.7]
Poland,2010,15.5 [14.8-16.2],28.0 [26.8-29.3],3.7 [3.5-4.0]
Portugal,2017,7.9 [6.3-9.7],12.4 [10.1-15.2],3.9 [3.1-5.0]
Portugal,2016,7.4 [6.1-8.8],12.2 [10.2-14.5],3.2 [2.5-3.9]
Portugal,2015,8.3 [6.9-9.8],12.5 [10.6-14.7],4.8 [3.9-5.8]
Portugal,2014,9.2 [7.8-19.3],14.9 [12.7-17.2],4.4 [3.6-22.8]
Portugal,2013,8.0 [6.8-9.3],13.2 [11.3-15.1],3.6 [3.0-4.3]
Portugal,2012,8.5 [7.2-9.8],14.8 [12.7-17.0],3.2 [2.6-3.8]
Portugal,2011,7.9 [6.8-9.2],13.3 [11.4-15.3],3.4 [2.9-4.1]
Portugal,2010,8.8 [7.5-10.3],14.4 [12.3-16.6],4.2 [3.5-5.0]
Qatar,2017,4.6 [2.9-7.2],5.6 [3.5-8.8],1.7 [1.1-2.7]
Qatar,2016,4.8 [3.1-7.5],5.8 [3.7-9.1],1.8 [1.1-2.7]
Qatar,2015,4.9 [3.1-7.4],5.8 [3.8-8.9],1.8 [1.1-2.8]
Qatar,2014,5.0 [3.3-7.5],6.0 [4.0-9.1],1.8 [1.1-2.7]
Qatar,2013,5.3 [3.5-7.9],6.4 [4.3-9.6],1.8 [1.1-2.7]
Qatar,2012,5.8 [3.9-8.8],7.0 [4.7-10.6],2.0 [1.3-2.9]
Qatar,2011,6.2 [4.2-9.3],7.6 [5.0-11.4],2.1 [1.3-3.1]
Qatar,2010,6.4 [4.3-9.5],7.9 [5.3-11.8],2.1 [1.4-3.2]
Republic of Korea,2017,19.3 [11.1-27.4],28.3 [12.9-42.7],11.2 [9.5-12.9]
Republic of Korea,2016,20.5 [11.8-24.5],29.7 [13.3-36.5],12.2 [10.6-13.9]
Republic of Korea,2015,21.2 [12.1-25.1],31.0 [13.6-37.4],12.5 [11.0-14.1]
Republic of Korea,2014,22.4 [12.9-32.2],32.6 [14.3-50.4],13.2 [11.7-14.8]
Republic of Korea,2013,23.8 [13.7-27.8],34.6 [14.9-41.2],14.4 [12.8-16.0]
Republic of Korea,2012,24.0 [14.0-32.0],34.2 [14.7-48.5],15.1 [13.5-16.8]
Republic of Korea,2011,27.9 [16.3-32.4],40.1 [17.3-47.7],17.4 [15.6-19.3]
Republic of Korea,2010,28.0 [16.7-32.4],39.2 [17.1-46.6],18.6 [16.6-20.6]
Republic of Moldova,2017,12.4 [10.2-15.1],22.8 [18.8-27.4],3.3 [2.5-4.2]
Republic of Moldova,2016,13.4 [11.1-29.2],24.0 [20.2-28.3],3.9 [3.0-32.0]
Republic of Moldova,2015,13.7 [11.5-16.1],24.0 [20.6-27.8],4.7 [3.7-5.9]
Republic of Moldova,2014,14.5 [12.3-16.9],26.6 [22.8-30.7],3.9 [3.1-4.9]
Republic of Moldova,2013,14.4 [12.3-16.8],25.7 [22.2-29.6],4.5 [3.6-5.7]
Republic of Moldova,2012,14.6 [12.4-17.0],25.3 [21.8-29.1],5.2 [4.1-6.5]
Republic of Moldova,2011,13.3 [11.2-30.6],24.0 [20.6-27.6],3.7 [2.9-36.1]
Republic of Moldova,2010,17.6 [15.0-20.4],32.0 [27.6-36.7],5.0 [4.0-6.1]
Romania,2017,7.8 [6.6-9.3],13.5 [11.4-15.8],2.5 [2.0-3.0]
Romania,2016,7.8 [6.6-9.1],13.6 [11.7-15.7],2.3 [1.9-2.8]
Romania,2015,9.1 [7.8-10.4],16.0 [13.9-18.3],2.5 [2.0-2.9]
Romania,2014,9.0 [7.8-10.2],16.0 [14.0-18.2],2.3 [1.9-2.7]
Romania,2013,9.9 [8.6-11.2],17.3 [15.3-19.6],2.8 [2.3-3.3]
Romania,2012,10.3 [9.1-11.7],18.4 [16.2-20.7],2.7 [2.3-3.2]
Romania,2011,9.9 [8.7-17.2],17.4 [15.4-31.2],2.8 [2.3-3.3]
Romania,2010,10.7 [9.4-12.1],18.5 [16.4-20.8],3.4 [2.9-4.0]
Russian Federation,2017,24.4 [22.9-26.8],43.3 [40.6-47.6],8.0 [7.6-8.8]
Russian Federation,2016,26.9 [25.6-28.9],47.7 [45.4-51.4],8.7 [8.3-9.3]
Russian Federation,2015,27.9 [26.8-29.5],49.5 [47.6-52.4],9.0 [8.6-9.4]
Russian Federation,2014,29.4 [28.4-30.7],52.5 [50.8-54.9],9.1 [8.7-9.6]
Russian Federation,2013,29.1 [28.2-30.5],52.0 [50.4-54.4],9.1 [8.7-9.6]
Russian Federation,2012,29.8 [28.9-30.9],53.1 [51.6-55.1],9.4 [9.0-9.8]
Russian Federation,2011,31.1 [30.2-32.1],55.4 [53.8-57.2],9.8 [9.4-10.2]
Russian Federation,2010,33.0 [32.1-33.9],59.0 [57.4-60.6],10.3 [9.9-10.7]
Rwanda,2017,9.6 [5.6-15.6],15.0 [8.8-24.4],5.2 [3.0-8.3]
Rwanda,2016,9.7 [5.7-15.9],15.1 [8.8-24.6],5.3 [3.1-8.6]
Rwanda,2015,9.9 [5.8-16.1],15.2 [9.0-24.9],5.5 [3.2-8.8]
Rwanda,2014,10.1 [5.9-16.4],15.5 [9.1-25.2],5.6 [3.3-8.9]
Rwanda,2013,10.1 [6.0-16.4],15.5 [9.2-25.1],5.7 [3.4-9.0]
Rwanda,2012,10.6 [6.3-17.0],16.0 [9.6-25.7],6.0 [3.6-9.6]
Rwanda,2011,10.9 [6.6-17.5],16.4 [9.9-26.3],6.3 [3.7-10.0]
Rwanda,2010,11.5 [6.9-18.4],17.2 [10.4-27.5],6.7 [4.0-10.6]
Saint Lucia,2017,7.1 [5.1-9.5],12.9 [9.4-17.2],1.5 [1.1-2.1]
Saint Lucia,2016,6.7 [4.9-8.8],12.1 [8.9-16.0],1.5 [1.1-2.0]
Saint Lucia,2015,7.9 [5.8-10.4],14.5 [10.7-19.1],1.6 [1.2-2.2]
Saint Lucia,2014,8.2 [6.1-10.9],15.1 [11.2-19.9],1.7 [1.2-2.2]
Saint Lucia,2013,7.7 [5.7-10.1],14.1 [10.5-18.4],1.6 [1.2-2.2]
Saint Lucia,2012,8.2 [6.1-10.7],15.0 [11.3-19.6],1.7 [1.3-2.3]
Saint Lucia,2011,6.9 [5.2-8.9],12.5 [9.4-16.2],1.5 [1.1-2.1]
Saint Lucia,2010,7.6 [5.7-9.9],14.0 [10.5-18.1],1.6 [1.2-2.2]
Saint Vincent and the Grenadines,2017,0.0 [0.0-0.0],0.0 [0.0-0.0],0.0 [0.0-0.0]
Saint Vincent and the Grenadines,2016,0.7 [0.5-0.9],0.6 [0.4-0.7],0.8 [0.5-1.1]
Saint Vincent and the Grenadines,2015,3.3 [2.4-4.4],5.7 [4.2-7.6],0.9 [0.6-1.2]
Saint Vincent and the Grenadines,2014,1.4 [1.0-1.8],2.2 [1.7-2.9],0.5 [0.4-0.8]
Saint Vincent and the Grenadines,2013,3.7 [2.8-4.9],6.4 [4.8-8.3],1.0 [0.7-1.3]
Saint Vincent and the Grenadines,2012,5.3 [4.0-7.0],6.6 [5.0-8.5],3.9 [2.9-5.2]
Saint Vincent and the Grenadines,2011,5.4 [4.0-7.1],8.7 [6.5-11.4],1.9 [1.4-2.5]
Saint Vincent and the Grenadines,2010,2.9 [2.1-3.8],5.2 [3.8-6.8],0.5 [0.4-0.6]
Samoa,2017,14.8 [8.0-23.5],21.2 [11.6-33.6],7.8 [4.0-12.6]
Samoa,2016,15.0 [8.3-23.9],21.6 [12.1-34.1],8.0 [4.2-12.9]
Samoa,2015,14.9 [8.3-23.8],21.5 [12.1-34.0],8.0 [4.2-12.9]
Samoa,2014,14.9 [8.4-23.7],21.4 [12.2-33.8],8.0 [4.3-12.8]
Samoa,2013,14.1 [8.0-22.4],20.2 [11.6-31.8],7.7 [4.2-12.3]
Samoa,2012,14.8 [8.4-23.4],21.2 [12.2-33.5],7.9 [4.4-12.7]
Samoa,2011,14.8 [8.6-23.3],21.3 [12.4-33.3],7.9 [4.5-12.7]
Samoa,2010,14.8 [8.6-23.4],21.4 [12.5-33.6],7.8 [4.4-12.5]
Sao Tome and Principe,2017,2.2 [1.2-3.6],3.3 [1.7-5.4],1.2 [0.7-1.9]
Sao Tome and Principe,2016,2.2 [1.2-3.5],3.2 [1.7-5.3],1.2 [0.7-1.9]
Sao Tome and Principe,2015,2.2 [1.2-3.5],3.3 [1.7-5.3],1.2 [0.7-1.9]
Sao Tome and Principe,2014,2.2 [1.2-3.6],3.3 [1.8-5.3],1.2 [0.7-2.0]
Sao Tome and Principe,2013,2.2 [1.2-3.5],3.2 [1.7-5.2],1.3 [0.7-2.0]
Sao Tome and Principe,2012,2.2 [1.2-3.6],3.2 [1.8-5.2],1.3 [0.8-2.1]
Sao Tome and Principe,2011,2.1 [1.2-3.4],3.1 [1.7-5.0],1.2 [0.7-1.9]
Sao Tome and Principe,2010,2.2 [1.2-3.5],3.2 [1.7-5.1],1.3 [0.7-2.0]
Saudi Arabia,2017,5.7 [3.5-8.8],8.2 [5.0-12.6],2.1 [1.2-3.3]
Saudi Arabia,2016,5.9 [3.6-9.0],8.5 [5.2-12.9],2.2 [1.3-3.4]
Saudi Arabia,2015,6.0 [3.7-9.0],8.5 [5.3-12.8],2.3 [1.4-3.5]
Saudi Arabia,2014,6.3 [4.0-9.3],9.0 [5.7-13.3],2.4 [1.5-3.7]
Saudi Arabia,2013,6.3 [4.0-9.3],9.0 [5.7-13.2],2.5 [1.6-3.7]
Saudi Arabia,2012,6.4 [4.2-9.2],9.1 [5.9-13.0],2.6 [1.7-3.8]
Saudi Arabia,2011,6.2 [4.1-8.9],8.8 [5.9-12.6],2.5 [1.6-3.5]
Saudi Arabia,2010,5.7 [3.9-8.2],8.1 [5.6-11.9],2.1 [1.4-3.0]
Senegal,2017,11.4 [7.0-17.5],19.0 [11.9-29.0],5.4 [3.3-8.5]
Senegal,2016,11.5 [7.1-17.7],19.2 [12.1-29.3],5.5 [3.3-8.7]
Senegal,2015,11.8 [7.3-18.1],19.6 [12.3-29.9],5.7 [3.4-9.0]
Senegal,2014,12.0 [7.5-18.3],19.8 [12.6-29.9],5.9 [3.5-9.1]
Senegal,2013,12.1 [7.6-18.5],19.9 [12.7-30.1],6.0 [3.6-9.4]
Senegal,2012,12.2 [7.7-18.6],20.1 [12.8-30.4],6.0 [3.6-9.3]
Senegal,2011,12.1 [7.7-18.4],20.0 [12.8-30.0],5.9 [3.6-9.1]
Senegal,2010,12.4 [7.8-18.8],20.5 [13.0-31.0],5.9 [3.6-9.2]
Serbia,2017,0.3 [0.2-0.4],0.3 [0.2-0.3],0.4 [0.3-0.5]
Serbia,2016,10.6 [8.2-13.5],16.5 [12.6-21.2],5.2 [4.2-6.5]
Serbia,2015,11.7 [9.2-14.7],18.4 [14.3-23.4],5.6 [4.5-6.8]
Serbia,2014,12.0 [9.5-15.0],19.3 [15.0-24.3],5.5 [4.5-6.6]
Serbia,2013,13.0 [10.4-16.1],20.8 [16.3-26.1],6.0 [5.0-7.2]
Serbia,2012,13.3 [10.6-16.4],21.4 [16.8-26.7],6.0 [5.0-7.1]
Serbia,2011,13.2 [10.5-26.3],20.6 [16.2-25.7],6.5 [5.4-28.6]
Serbia,2010,12.4 [10.0-15.2],20.0 [15.8-24.8],5.6 [4.7-6.7]
Seychelles,2017,7.9 [5.3-11.1],14.3 [9.6-20.1],1.4 [0.9-1.9]
Seychelles,2016,7.6 [5.2-10.6],13.8 [9.3-19.1],1.4 [0.9-1.9]
Seychelles,2015,7.7 [5.2-10.6],13.8 [9.3-19.1],1.4 [1.0-2.0]
Seychelles,2014,7.5 [5.2-10.4],13.5 [9.2-18.7],1.4 [1.0-2.0]
Seychelles,2013,7.3 [5.0-10.1],13.1 [9.0-18.1],1.4 [1.0-2.0]
Seychelles,2012,7.3 [5.1-10.1],13.2 [9.0-18.2],1.5 [1.0-2.0]
Seychelles,2011,7.5 [5.2-10.3],13.4 [9.2-18.5],1.4 [1.0-2.0]
Seychelles,2010,7.4 [5.1-10.2],13.4 [9.1-18.5],1.5 [1.1-2.0]
Sierra Leone,2017,10.9 [6.0-18.2],14.4 [7.8-24.2],7.9 [4.5-13.1]
Sierra Leone,2016,10.8 [6.0-18.1],14.3 [7.8-24.0],7.8 [4.4-12.9]
Sierra Leone,2015,10.5 [5.8-17.5],14.1 [7.7-23.6],7.4 [4.2-12.3]
Sierra Leone,2014,11.0 [6.1-18.2],14.8 [8.0-24.8],7.6 [4.4-12.4]
Sierra Leone,2013,11.3 [6.3-18.7],15.2 [8.3-25.3],8.0 [4.6-13.1]
Sierra Leone,2012,11.8 [6.5-19.4],15.9 [8.5-26.2],8.3 [4.8-13.6]
Sierra Leone,2011,11.7 [6.5-19.3],15.7 [8.4-26.0],8.3 [4.8-13.5]
Sierra Leone,2010,12.2 [6.7-20.1],16.4 [8.8-27.3],8.4 [4.9-13.8]
Singapore,2017,7.3 [5.9-8.7],9.5 [7.8-11.3],5.1 [4.1-6.2]
Singapore,2016,7.3 [6.0-8.7],9.3 [7.8-11.0],5.2 [4.2-6.2]
Singapore,2015,7.6 [6.4-8.9],10.0 [8.5-11.7],5.0 [4.1-5.9]
Singapore,2014,8.2 [6.9-9.6],11.8 [10.0-13.7],4.5 [3.7-5.5]
Singapore,2013,8.5 [7.2-9.9],12.0 [10.2-13.8],5.0 [4.1-5.9]
Singapore,2012,9.2 [7.8-23.3],11.6 [9.9-38.0],6.7 [5.6-7.9]
Singapore,2011,7.9 [6.7-9.2],10.1 [8.7-11.7],5.6 [4.6-6.7]
Singapore,2010,8.2 [7.0-9.6],10.8 [9.3-12.5],5.7 [4.8-6.7]
Slovakia,2017,9.6 [6.6-19.7],17.2 [11.9-36.5],2.6 [1.8-3.5]
Slovakia,2016,9.7 [6.8-19.4],17.5 [12.2-36.1],2.6 [1.9-3.4]
Slovakia,2015,9.8 [6.9-19.4],17.8 [12.4-36.2],2.6 [2.0-3.4]
Slovakia,2014,10.0 [7.1-12.5],18.3 [12.7-22.7],2.8 [2.1-3.6]
Slovakia,2013,9.9 [7.0-12.2],18.0 [12.6-22.1],2.6 [2.0-3.3]
Slovakia,2012,10.2 [7.2-25.4],18.7 [13.0-47.9],2.5 [1.9-3.2]
Slovakia,2011,10.4 [7.4-18.8],19.0 [13.4-35.1],2.7 [2.1-3.4]
Slovakia,2010,11.1 [8.0-13.6],20.1 [14.2-24.4],3.1 [2.4-3.9]
Slovenia,2017,14.3 [11.0-18.2],23.7 [18.4-30.0],5.3 [3.9-7.0]
Slovenia,2016,14.3 [11.7-17.3],23.6 [19.5-28.3],5.1 [3.9-6.5]
Slovenia,2015,14.8 [12.3-17.6],24.2 [20.3-28.4],5.9 [4.6-7.4]
Slovenia,2014,14.4 [12.1-17.0],24.7 [21.0-28.8],4.3 [3.4-5.4]
Slovenia,2013,16.2 [13.7-18.9],27.2 [23.3-31.4],5.5 [4.4-6.9]
Slovenia,2012,15.9 [13.6-18.4],27.1 [23.5-31.0],5.4 [4.3-6.7]
Slovenia,2011,15.5 [13.2-18.0],25.8 [22.3-29.7],6.0 [4.8-7.3]
Slovenia,2010,15.6 [13.3-18.0],26.7 [23.0-30.6],5.1 [4.1-6.3]
Solomon Islands,2017,17.8 [8.1-28.5],33.1 [14.7-53.0],2.5 [1.4-3.9]
Solomon Islands,2016,17.8 [8.0-28.5],33.1 [14.6-53.0],2.5 [1.4-4.0]
Solomon Islands,2015,17.9 [8.0-28.8],33.3 [14.6-53.5],2.5 [1.5-4.1]
Solomon Islands,2014,18.1 [8.0-29.2],33.6 [14.6-54.3],2.6 [1.5-4.1]
Solomon Islands,2013,18.2 [8.1-29.4],33.8 [14.7-54.6],2.6 [1.5-4.2]
Solomon Islands,2012,18.4 [8.1-29.8],34.2 [14.8-55.5],2.6 [1.5-4.2]
Solomon Islands,2011,18.5 [8.2-30.1],34.5 [14.8-55.9],2.6 [1.5-4.3]
Solomon Islands,2010,18.6 [8.1-30.3],34.5 [14.8-56.3],2.6 [1.5-4.3]
Somalia,2017,14.9 [7.1-26.6],23.0 [10.4-41.9],7.2 [3.9-12.3]
Somalia,2016,14.8 [7.0-26.6],22.9 [10.3-41.8],7.2 [3.9-12.4]
Somalia,2015,15.0 [7.1-26.9],23.2 [10.5-42.1],7.3 [3.9-12.6]
Somalia,2014,15.2 [7.2-27.3],23.4 [10.6-42.8],7.4 [4.0-12.6]
Somalia,2013,15.2 [7.2-27.3],23.5 [10.7-42.9],7.4 [4.0-12.5]
Somalia,2012,15.3 [7.3-27.4],23.7 [10.8-43.1],7.3 [4.0-12.4]
Somalia,2011,15.3 [7.3-27.4],23.7 [10.8-43.2],7.3 [3.9-12.4]
Somalia,2010,15.4 [7.3-27.5],23.9 [10.9-43.5],7.3 [3.9-12.3]
South Africa,2017,25.8 [16.6-37.5],42.2 [28.7-58.6],10.3 [5.1-17.8]
South Africa,2016,25.3 [16.1-37.1],41.0 [27.8-57.1],10.5 [5.1-18.5]
South Africa,2015,25.6 [16.8-36.4],41.6 [29.0-56.8],10.4 [5.3-17.3]
South Africa,2014,25.3 [16.9-35.5],41.1 [29.2-55.9],10.3 [5.5-16.4]
South Africa,2013,25.1 [16.8-35.2],40.9 [29.1-55.4],10.3 [5.3-16.3]
South Africa,2012,24.6 [16.4-34.7],39.5 [28.1-53.5],10.8 [5.5-17.3]
South Africa,2011,24.4 [16.0-34.7],38.2 [27.2-51.8],11.7 [5.7-19.2]
South Africa,2010,26.9 [17.8-37.6],41.9 [30.0-56.0],13.1 [6.5-20.8]
South Sudan,2017,6.4 [3.6-10.9],9.9 [5.5-16.8],3.3 [1.8-5.6]
South Sudan,2016,6.5 [3.6-11.0],10.0 [5.6-17.1],3.3 [1.8-5.6]
South Sudan,2015,6.4 [3.6-10.9],9.8 [5.5-16.8],3.3 [1.8-5.7]
South Sudan,2014,6.2 [3.4-10.6],9.5 [5.3-16.2],3.3 [1.8-5.6]
South Sudan,2013,6.5 [3.6-11.0],10.0 [5.6-17.1],3.3 [1.8-5.6]
South Sudan,2012,6.7 [3.7-11.4],10.4 [5.8-17.6],3.4 [1.9-5.8]
South Sudan,2011,6.6 [3.7-11.2],10.2 [5.7-17.4],3.4 [1.8-5.7]
South Sudan,2010,6.6 [3.7-11.3],10.2 [5.7-17.3],3.5 [1.9-5.9]
Spain,2017,5.8 [4.8-6.9],8.7 [7.3-10.3],3.0 [2.4-3.6]
Spain,2016,5.5 [4.7-6.5],8.4 [7.2-9.8],2.8 [2.3-3.4]
Spain,2015,5.6 [4.9-6.5],8.5 [7.4-9.8],2.9 [2.5-3.4]
Spain,2014,6.2 [5.4-7.1],9.5 [8.3-10.7],3.2 [2.7-3.7]
Spain,2013,6.2 [5.4-7.0],9.5 [8.3-10.7],3.1 [2.6-3.5]
Spain,2012,5.6 [4.9-6.4],8.9 [7.8-10.0],2.6 [2.2-3.0]
Spain,2011,5.1 [4.5-5.8],8.0 [7.1-9.0],2.4 [2.0-2.7]
Spain,2010,5.1 [4.4-5.7],8.1 [7.1-9.1],2.2 [1.9-2.5]
Sri Lanka,2017,13.7 [9.1-22.3],22.2 [14.7-37.3],6.4 [4.3-9.1]
Sri Lanka,2016,14.2 [9.7-23.2],23.1 [15.6-39.1],6.6 [4.6-9.1]
Sri Lanka,2015,14.7 [10.4-23.8],24.0 [16.8-40.3],6.7 [4.9-9.1]
Sri Lanka,2014,12.7 [9.5-22.4],21.5 [15.9-39.9],5.1 [3.9-6.6]
Sri Lanka,2013,15.0 [11.7-20.7],24.5 [18.9-35.0],6.7 [5.4-8.1]
Sri Lanka,2012,16.4 [12.7-22.7],26.9 [20.7-38.5],7.1 [5.6-8.8]
Sri Lanka,2011,17.8 [14.0-24.4],29.5 [23.0-41.6],7.5 [6.0-9.1]
Sri Lanka,2010,21.9 [17.9-29.5],33.6 [27.1-47.4],11.5 [9.7-13.4]
Sudan,2017,4.8 [2.4-8.4],6.4 [3.2-10.9],3.3 [1.6-6.0]
Sudan,2016,4.8 [2.4-8.5],6.4 [3.2-11.1],3.3 [1.6-6.0]
Sudan,2015,4.9 [2.4-8.6],6.6 [3.3-11.3],3.3 [1.6-6.0]
Sudan,2014,5.0 [2.5-8.7],6.7 [3.3-11.6],3.4 [1.6-6.0]
Sudan,2013,5.1 [2.5-9.0],6.9 [3.5-11.9],3.4 [1.7-6.2]
Sudan,2012,5.1 [2.5-8.9],6.8 [3.4-11.8],3.4 [1.7-6.2]
Sudan,2011,5.3 [2.6-9.2],7.1 [3.5-12.2],3.6 [1.7-6.4]
Sudan,2010,5.2 [2.5-9.0],6.9 [3.5-11.9],3.5 [1.7-6.2]
Suriname,2017,25.4 [17.7-34.9],40.3 [28.5-54.9],11.7 [7.7-16.8]
Suriname,2016,25.5 [18.0-34.7],40.3 [28.9-54.4],11.8 [7.9-16.7]
Suriname,2015,25.9 [18.7-34.7],41.1 [30.0-54.5],11.8 [8.1-16.4]
Suriname,2014,25.9 [19.0-34.4],41.2 [30.6-54.2],11.7 [8.2-16.1]
Suriname,2013,26.5 [19.6-34.9],42.3 [31.6-55.3],11.8 [8.3-16.0]
Suriname,2012,26.8 [19.9-35.1],43.0 [32.2-55.8],11.6 [8.3-15.7]
Suriname,2011,26.0 [19.4-33.8],41.4 [31.1-53.5],11.6 [8.3-15.5]
Suriname,2010,27.4 [20.5-35.5],43.7 [32.9-56.1],12.1 [8.7-16.3]
Sweden,2017,12.5 [10.9-14.2],17.2 [15.0-19.6],7.8 [6.7-8.9]
Sweden,2016,12.2 [10.7-13.7],16.7 [14.8-18.8],7.5 [6.5-8.5]
Sweden,2015,13.0 [11.5-14.6],18.3 [16.3-20.4],7.8 [6.8-8.8]
Sweden,2014,12.3 [10.9-13.7],16.6 [14.8-18.4],7.9 [7.0-9.0]
Sweden,2013,13.0 [11.6-14.5],17.9 [16.1-19.9],8.1 [7.1-9.1]
Sweden,2012,12.3 [10.9-13.6],17.1 [15.3-18.9],7.4 [6.5-8.4]
Sweden,2011,12.0 [10.7-13.3],16.8 [15.1-18.5],7.2 [6.4-8.1]
Sweden,2010,12.0 [10.8-13.4],17.2 [15.5-19.0],6.8 [6.0-7.7]
Switzerland,2017,10.4 [8.6-12.3],15.0 [12.7-17.6],5.9 [4.7-7.1]
Switzerland,2016,9.8 [8.2-11.4],14.2 [12.1-16.4],5.5 [4.5-6.6]
Switzerland,2015,10.5 [9.0-12.1],15.2 [13.1-17.4],6.0 [5.0-7.2]
Switzerland,2014,10.0 [8.6-11.5],14.2 [12.4-16.1],6.0 [5.1-7.1]
Switzerland,2013,10.7 [9.3-12.2],15.6 [13.7-17.5],6.1 [5.2-7.1]
Switzerland,2012,10.5 [9.2-11.9],15.2 [13.4-17.1],6.0 [5.1-6.9]
Switzerland,2011,10.5 [9.2-11.9],15.5 [13.6-17.3],5.8 [4.9-6.7]
Switzerland,2010,10.5 [9.2-11.9],15.1 [13.4-16.9],6.2 [5.3-7.2]
Syrian Arab Republic,2017,2.0 [1.2-3.0],3.2 [2.0-4.9],0.8 [0.5-1.2]
Syrian Arab Republic,2016,1.8 [1.1-2.8],3.0 [1.8-4.4],0.7 [0.5-1.1]
Syrian Arab Republic,2015,2.0 [1.2-2.9],3.2 [1.9-4.7],0.8 [0.5-1.2]
Syrian Arab Republic,2014,2.1 [1.3-3.1],3.3 [2.0-5.0],0.8 [0.5-1.2]
Syrian Arab Republic,2013,2.0 [1.3-3.0],3.2 [2.0-4.7],0.8 [0.5-1.2]
Syrian Arab Republic,2012,1.9 [1.2-2.7],3.1 [1.9-4.4],0.7 [0.5-1.1]
Syrian Arab Republic,2011,1.8 [1.1-2.5],2.9 [1.8-4.1],0.7 [0.5-1.0]
Syrian Arab Republic,2010,1.8 [1.2-2.5],2.9 [1.9-4.0],0.7 [0.5-1.0]
Trkiye,2017,2.3 [1.6-3.2],3.4 [2.4-4.9],1.2 [0.9-1.7]
Trkiye,2016,2.3 [1.7-3.2],3.4 [2.5-4.9],1.3 [0.9-1.7]
Trkiye,2015,2.3 [1.7-3.1],3.4 [2.5-4.8],1.3 [0.9-1.6]
Trkiye,2014,2.3 [1.8-3.2],3.5 [2.7-4.9],1.3 [1.0-1.6]
Trkiye,2013,2.3 [1.7-3.1],3.5 [2.7-4.9],1.2 [0.9-1.5]
Trkiye,2012,2.2 [1.7-3.1],3.4 [2.6-4.8],1.2 [0.9-1.5]
Trkiye,2011,2.3 [1.7-3.1],3.5 [2.6-4.9],1.2 [0.9-1.6]
Trkiye,2010,2.5 [1.8-3.4],3.7 [2.8-5.3],1.3 [1.0-1.7]
Tajikistan,2017,5.3 [3.3-7.7],7.1 [4.4-10.3],3.5 [2.3-5.2]
Tajikistan,2016,5.4 [3.4-7.8],7.2 [4.5-10.3],3.6 [2.4-5.3]
Tajikistan,2015,5.2 [3.3-7.5],7.1 [4.4-10.0],3.4 [2.2-5.0]
Tajikistan,2014,5.1 [3.2-7.3],7.0 [4.4-10.0],3.3 [2.1-4.8]
Tajikistan,2013,5.0 [3.2-7.3],7.0 [4.4-9.9],3.2 [2.1-4.7]
Tajikistan,2012,5.1 [3.2-7.3],7.1 [4.5-10.0],3.2 [2.0-4.7]
Tajikistan,2011,5.1 [3.3-7.3],7.1 [4.5-10.1],3.1 [2.0-4.6]
Tajikistan,2010,5.0 [3.2-7.2],7.0 [4.5-10.0],3.0 [1.9-4.5]
Thailand,2017,7.5 [5.0-10.5],12.8 [8.6-17.9],2.4 [1.6-3.5]
Thailand,2016,7.6 [5.3-10.2],13.0 [9.0-17.5],2.5 [1.7-3.4]
Thailand,2015,7.2 [5.1-9.5],12.1 [8.6-16.0],2.5 [1.8-3.3]
Thailand,2014,6.9 [4.9-9.0],11.4 [8.2-15.0],2.6 [1.9-3.4]
Thailand,2013,6.6 [4.7-8.6],10.8 [7.7-14.1],2.7 [1.9-3.5]
Thailand,2012,7.0 [5.1-9.2],11.5 [8.2-15.1],2.9 [2.1-3.7]
Thailand,2011,7.2 [5.1-9.5],11.6 [8.2-15.5],3.0 [2.2-3.9]
Thailand,2010,7.3 [5.1-9.8],11.7 [8.2-15.7],3.2 [2.3-4.3]
Timor-Leste,2017,4.4 [1.6-7.6],6.5 [2.3-11.3],2.3 [0.9-3.9]
Timor-Leste,2016,4.5 [1.6-7.7],6.5 [2.3-11.3],2.4 [0.9-4.1]
Timor-Leste,2015,4.4 [1.6-7.6],6.4 [2.3-11.2],2.4 [0.9-4.0]
Timor-Leste,2014,4.2 [1.6-7.3],6.2 [2.3-10.8],2.4 [0.9-4.0]
Timor-Leste,2013,4.2 [1.5-7.3],6.1 [2.2-10.8],2.4 [0.9-4.0]
Timor-Leste,2012,4.3 [1.5-7.5],6.1 [2.2-10.9],2.5 [0.9-4.1]
Timor-Leste,2011,4.3 [1.6-7.5],6.1 [2.2-10.8],2.6 [1.0-4.3]
Timor-Leste,2010,4.2 [1.5-7.3],5.9 [2.1-10.6],2.5 [1.0-4.2]
Togo,2017,15.4 [9.1-24.1],25.0 [15.0-38.4],6.7 [3.8-11.1]
Togo,2016,16.0 [9.5-25.0],25.6 [15.4-39.3],7.2 [4.1-11.9]
Togo,2015,16.7 [9.9-26.0],26.7 [16.1-40.7],7.7 [4.3-12.7]
Togo,2014,17.4 [10.4-27.1],27.9 [16.8-42.4],7.9 [4.5-13.1]
Togo,2013,17.8 [10.6-27.5],28.5 [17.3-43.1],8.1 [4.6-13.4]
Togo,2012,18.0 [10.8-27.8],28.7 [17.5-43.5],8.3 [4.7-13.6]
Togo,2011,18.1 [10.9-27.9],28.8 [17.6-43.5],8.5 [4.8-13.9]
Togo,2010,18.2 [10.9-28.0],29.0 [17.7-43.8],8.5 [4.8-13.8]
Tonga,2017,4.8 [2.9-7.5],6.4 [4.0-10.0],3.2 [1.9-5.2]
Tonga,2016,4.8 [2.9-7.5],6.4 [4.0-9.9],3.2 [1.9-5.2]
Tonga,2015,5.3 [3.2-8.3],7.3 [4.5-11.2],3.4 [2.0-5.5]
Tonga,2014,5.4 [3.3-8.3],7.4 [4.6-11.2],3.5 [2.0-5.5]
Tonga,2013,5.3 [3.2-8.1],7.2 [4.5-11.0],3.4 [2.0-5.4]
Tonga,2012,5.3 [3.3-8.1],7.2 [4.6-10.9],3.4 [2.0-5.4]
Tonga,2011,5.2 [3.2-8.0],7.1 [4.5-10.7],3.4 [2.0-5.4]
Tonga,2010,5.3 [3.3-8.1],7.3 [4.7-10.9],3.5 [2.1-5.4]
Trinidad and Tobago,2017,9.0 [5.9-13.0],14.0 [9.4-20.1],4.1 [2.5-6.1]
Trinidad and Tobago,2016,9.2 [6.2-13.2],14.5 [9.9-20.5],4.2 [2.6-6.3]
Trinidad and Tobago,2015,9.5 [6.5-13.5],15.0 [10.4-21.1],4.3 [2.8-6.3]
Trinidad and Tobago,2014,9.8 [6.9-13.5],15.6 [11.2-21.2],4.3 [2.9-6.1]
Trinidad and Tobago,2013,10.1 [7.6-13.3],16.1 [12.1-20.8],4.5 [3.2-6.0]
Trinidad and Tobago,2012,8.9 [6.9-11.1],13.2 [10.5-16.5],4.7 [3.6-6.1]
Trinidad and Tobago,2011,9.2 [7.3-11.4],14.7 [11.8-18.1],3.9 [3.0-5.1]
Trinidad and Tobago,2010,10.6 [8.5-13.0],16.9 [13.8-20.6],4.5 [3.4-5.8]
Tunisia,2017,3.0 [1.6-5.2],4.3 [2.4-7.4],1.8 [0.9-3.2]
Tunisia,2016,3.0 [1.6-5.1],4.2 [2.3-7.2],1.8 [0.9-3.2]
Tunisia,2015,3.0 [1.6-5.2],4.3 [2.4-7.3],1.9 [0.9-3.3]
Tunisia,2014,3.1 [1.7-5.3],4.4 [2.4-7.5],1.9 [0.9-3.3]
Tunisia,2013,3.2 [1.7-5.4],4.5 [2.5-7.6],2.0 [1.0-3.4]
Tunisia,2012,3.2 [1.7-5.6],4.6 [2.5-7.8],2.0 [1.0-3.5]
Tunisia,2011,3.3 [1.8-5.6],4.6 [2.6-7.8],2.0 [1.0-3.5]
Tunisia,2010,3.4 [1.8-5.8],4.7 [2.6-8.0],2.1 [1.1-3.7]
Turkmenistan,2017,6.2 [4.6-8.3],9.6 [7.1-12.7],3.0 [2.2-4.1]
Turkmenistan,2016,6.6 [5.0-8.5],10.2 [7.7-13.1],3.2 [2.4-4.3]
Turkmenistan,2015,6.6 [5.2-8.3],10.0 [7.9-12.5],3.4 [2.6-4.4]
Turkmenistan,2014,7.1 [5.7-8.8],11.0 [8.8-13.4],3.5 [2.7-4.4]
Turkmenistan,2013,7.4 [6.0-9.1],11.2 [9.1-13.5],3.9 [3.1-4.9]
Turkmenistan,2012,7.4 [6.0-9.0],11.2 [9.2-13.6],3.7 [2.9-4.7]
Turkmenistan,2011,7.8 [6.4-9.5],12.0 [9.9-14.4],4.0 [3.1-4.9]
Turkmenistan,2010,8.7 [7.1-10.4],13.7 [11.3-16.4],4.0 [3.2-5.0]
Uganda,2017,10.3 [6.4-16.2],19.3 [12.1-30.4],3.6 [2.2-5.7]
Uganda,2016,11.1 [6.9-17.3],20.5 [12.9-32.2],4.0 [2.4-6.3]
Uganda,2015,11.0 [6.9-17.3],20.7 [13.1-32.7],3.9 [2.3-6.0]
Uganda,2014,11.4 [7.1-17.8],21.6 [13.6-34.0],3.8 [2.3-5.9]
Uganda,2013,12.4 [7.8-19.3],23.6 [14.9-37.0],3.9 [2.4-6.2]
Uganda,2012,13.2 [8.3-20.7],25.1 [15.8-39.3],4.3 [2.6-6.9]
Uganda,2011,14.5 [8.9-22.7],26.9 [16.8-42.0],5.2 [3.0-8.5]
Uganda,2010,14.6 [9.0-23.2],27.2 [17.0-43.0],5.3 [3.1-8.8]
Ukraine,2017,16.9 [13.6-20.8],31.3 [25.2-38.3],4.5 [3.5-5.6]
Ukraine,2016,17.6 [14.8-20.6],32.4 [27.4-37.9],4.7 [3.9-5.6]
Ukraine,2015,17.9 [15.2-20.8],33.0 [28.2-38.2],4.9 [4.1-5.7]
Ukraine,2014,20.4 [17.7-23.3],37.6 [32.8-42.9],5.3 [4.6-6.2]
Ukraine,2013,18.7 [16.3-21.2],34.4 [30.1-39.0],5.2 [4.4-6.0]
Ukraine,2012,19.0 [16.7-21.6],35.2 [30.9-39.9],5.1 [4.4-5.9]
Ukraine,2011,18.9 [16.6-21.5],35.1 [30.9-39.7],5.1 [4.4-5.9]
Ukraine,2010,20.2 [17.7-22.8],37.3 [33.0-42.1],5.5 [4.7-6.3]
United Arab Emirates,2017,4.8 [2.7-7.6],5.7 [3.2-9.0],2.6 [1.5-4.2]
United Arab Emirates,2016,5.0 [2.8-7.9],5.9 [3.3-9.4],2.6 [1.5-4.2]
United Arab Emirates,2015,5.3 [3.0-8.3],6.3 [3.6-9.8],2.7 [1.6-4.4]
United Arab Emirates,2014,5.6 [3.2-8.7],6.7 [3.8-10.3],2.8 [1.7-4.5]
United Arab Emirates,2013,5.9 [3.4-9.1],7.0 [4.1-10.7],3.0 [1.7-4.7]
United Arab Emirates,2012,6.1 [3.6-9.3],7.2 [4.3-10.8],3.0 [1.8-4.7]
United Arab Emirates,2011,6.3 [3.8-9.5],7.3 [4.4-11.0],3.1 [1.9-4.8]
United Arab Emirates,2010,6.4 [3.9-9.5],7.5 [4.5-11.0],3.1 [1.9-4.8]
United Kingdom of Great Britain and Northern Ireland,2017,7.2 [6.9-7.6],11.1 [10.6-11.7],3.5 [3.3-3.7]
United Kingdom of Great Britain and Northern Ireland,2016,7.6 [7.3-8.0],11.8 [11.3-12.3],3.5 [3.4-3.7]
United Kingdom of Great Britain and Northern Ireland,2015,7.8 [7.5-8.2],12.0 [11.5-12.6],3.7 [3.5-3.9]
United Kingdom of Great Britain and Northern Ireland,2014,7.6 [7.3-8.0],11.9 [11.4-12.5],3.5 [3.3-3.7]
United Kingdom of Great Britain and Northern Ireland,2013,7.7 [7.4-8.1],12.4 [11.9-12.9],3.2 [3.0-3.3]
United Kingdom of Great Britain and Northern Ireland,2012,7.4 [7.0-7.7],11.8 [11.2-12.3],3.1 [2.9-3.2]
United Kingdom of Great Britain and Northern Ireland,2011,7.4 [7.1-7.7],11.6 [11.1-12.0],3.4 [3.2-3.5]
United Kingdom of Great Britain and Northern Ireland,2010,7.0 [6.7-7.2],10.8 [10.4-11.2],3.2 [3.0-3.4]
United Republic of Tanzania,2017,8.2 [5.1-12.4],13.4 [8.5-20.2],3.9 [2.3-6.0]
United Republic of Tanzania,2016,8.3 [5.2-12.6],13.7 [8.7-20.5],4.0 [2.4-6.2]
United Republic of Tanzania,2015,8.2 [5.2-12.5],13.6 [8.7-20.4],3.9 [2.4-6.1]
United Republic of Tanzania,2014,8.3 [5.2-12.4],13.6 [8.7-20.2],4.0 [2.5-6.1]
United Republic of Tanzania,2013,8.6 [5.5-13.0],14.2 [9.2-21.0],4.2 [2.6-6.5]
United Republic of Tanzania,2012,8.5 [5.4-12.7],13.4 [8.8-19.8],4.5 [2.8-7.0]
United Republic of Tanzania,2011,9.3 [6.0-13.9],14.5 [9.5-21.4],5.3 [3.2-8.1]
United Republic of Tanzania,2010,9.8 [6.3-14.6],15.6 [10.3-22.9],5.2 [3.2-8.0]
United States of America,2017,14.4 [13.6-19.2],22.5 [21.3-29.0],6.5 [6.1-9.6]
United States of America,2016,13.7 [13.0-17.8],21.2 [20.3-29.0],6.3 [5.9-6.6]
United States of America,2015,12.9 [12.3-16.0],19.9 [19.1-25.9],6.1 [5.8-6.3]
United States of America,2014,12.4 [11.9-16.1],19.2 [18.4-23.7],5.8 [5.5-8.7]
United States of America,2013,12.0 [11.6-18.0],18.8 [18.0-26.5],5.5 [5.3-9.7]
United States of America,2012,12.1 [11.6-15.5],18.9 [18.2-25.5],5.4 [5.2-5.7]
United States of America,2011,12.0 [11.6-16.5],18.9 [18.2-24.9],5.4 [5.1-8.3]
United States of America,2010,11.7 [11.3-15.8],18.5 [17.9-26.3],5.2 [5.0-5.4]
Uruguay,2017,18.5 [15.2-22.1],30.8 [25.6-36.5],7.5 [5.8-9.3]
Uruguay,2016,18.7 [15.6-22.1],30.3 [25.6-35.4],8.3 [6.6-10.2]
Uruguay,2015,16.7 [14.0-19.5],27.7 [23.6-32.1],6.7 [5.4-8.2]
Uruguay,2014,15.8 [13.4-18.3],25.5 [21.9-29.3],7.0 [5.6-8.5]
Uruguay,2013,14.2 [12.0-16.5],23.1 [19.9-26.5],6.2 [5.0-7.6]
Uruguay,2012,16.1 [13.7-18.7],27.1 [23.4-31.1],6.3 [5.1-7.6]
Uruguay,2011,15.0 [12.8-17.4],24.7 [21.3-28.3],6.5 [5.2-7.9]
Uruguay,2010,14.3 [12.1-16.5],23.3 [20.1-26.7],6.4 [5.1-7.7]
Uzbekistan,2017,8.9 [7.1-10.9],12.8 [10.3-15.6],5.3 [4.2-6.6]
Uzbekistan,2016,9.2 [7.6-10.9],13.1 [10.9-15.6],5.5 [4.5-6.6]
Uzbekistan,2015,9.2 [7.7-10.8],13.2 [11.1-15.4],5.4 [4.5-6.4]
Uzbekistan,2014,9.0 [7.7-10.5],13.2 [11.2-15.3],5.2 [4.3-6.1]
Uzbekistan,2013,8.9 [7.6-10.4],13.0 [11.1-15.0],5.1 [4.3-6.0]
Uzbekistan,2012,9.0 [7.6-10.5],13.1 [11.2-15.2],5.1 [4.3-6.0]
Uzbekistan,2011,8.6 [7.3-10.0],12.8 [10.9-14.9],4.6 [3.9-5.5]
Uzbekistan,2010,8.3 [7.0-9.8],12.6 [10.6-14.7],4.3 [3.6-5.1]
Vanuatu,2017,21.1 [11.0-33.6],33.5 [17.5-53.0],8.8 [4.6-14.5]
Vanuatu,2016,21.0 [11.1-33.4],33.3 [17.5-52.6],8.8 [4.7-14.5]
Vanuatu,2015,21.2 [11.1-33.9],33.5 [17.5-53.2],9.0 [4.8-14.8]
Vanuatu,2014,21.1 [11.2-33.8],33.5 [17.6-53.1],8.9 [4.8-14.7]
Vanuatu,2013,21.8 [11.5-34.7],34.3 [18.1-54.3],9.3 [5.0-15.2]
Vanuatu,2012,21.9 [11.7-34.9],34.6 [18.2-54.5],9.3 [5.1-15.3]
Vanuatu,2011,21.8 [11.6-34.8],34.3 [18.1-54.5],9.2 [5.1-15.1]
Vanuatu,2010,22.1 [11.7-35.6],34.8 [18.2-55.5],9.5 [5.2-15.6]
Venezuela (Bolivarian Republic of),2017,2.2 [1.5-3.2],3.9 [2.6-5.4],0.8 [0.5-1.1]
Venezuela (Bolivarian Republic of),2016,2.3 [1.6-3.2],3.9 [2.8-5.4],0.8 [0.5-1.1]
Venezuela (Bolivarian Republic of),2015,2.4 [1.7-3.1],4.1 [3.0-5.4],0.8 [0.6-1.1]
Venezuela (Bolivarian Republic of),2014,2.3 [1.8-2.9],4.0 [3.1-5.0],0.7 [0.5-0.9]
Venezuela (Bolivarian Republic of),2013,2.6 [2.1-3.2],4.5 [3.6-5.6],0.8 [0.6-1.1]
Venezuela (Bolivarian Republic of),2012,3.4 [2.7-4.2],6.0 [4.8-7.4],1.0 [0.8-1.2]
Venezuela (Bolivarian Republic of),2011,3.8 [3.1-10.2],6.9 [5.6-19.3],0.9 [0.7-1.1]
Venezuela (Bolivarian Republic of),2010,3.6 [2.9-4.4],6.3 [5.1-7.6],1.1 [0.9-1.3]
Viet Nam,2017,7.5 [4.1-11.7],11.1 [5.7-17.2],4.2 [2.6-6.6]
Viet Nam,2016,7.6 [4.2-11.7],11.2 [5.8-17.4],4.2 [2.6-6.5]
Viet Nam,2015,7.6 [4.2-11.6],11.3 [5.9-17.2],4.2 [2.6-6.5]
Viet Nam,2014,7.6 [4.3-11.5],11.3 [6.0-17.1],4.3 [2.7-6.4]
Viet Nam,2013,7.5 [4.3-11.3],11.1 [5.9-16.7],4.2 [2.7-6.3]
Viet Nam,2012,7.5 [4.3-11.2],11.1 [6.0-16.5],4.2 [2.7-6.2]
Viet Nam,2011,7.4 [4.3-10.9],10.9 [5.9-16.1],4.2 [2.7-6.1]
Viet Nam,2010,7.3 [4.3-10.6],10.7 [5.9-15.5],4.2 [2.8-6.1]
Yemen,2017,6.9 [3.5-11.7],8.7 [4.4-14.8],5.1 [2.6-8.8]
Yemen,2016,7.0 [3.6-12.0],9.0 [4.6-15.3],5.1 [2.6-8.8]
Yemen,2015,6.8 [3.5-11.6],8.7 [4.5-14.8],5.0 [2.6-8.6]
Yemen,2014,7.0 [3.6-12.1],9.0 [4.6-15.3],5.2 [2.6-9.0]
Yemen,2013,7.1 [3.7-12.2],9.0 [4.7-15.3],5.4 [2.8-9.2]
Yemen,2012,7.2 [3.7-12.3],9.1 [4.7-15.3],5.5 [2.8-9.4]
Yemen,2011,7.2 [3.8-12.3],9.1 [4.7-15.4],5.4 [2.8-9.3]
Yemen,2010,7.4 [3.8-12.6],9.3 [4.9-15.8],5.5 [2.9-9.5]
Zambia,2017,16.7 [10.3-25.4],29.1 [18.4-43.7],6.6 [3.9-10.6]
Zambia,2016,16.7 [10.4-25.3],29.1 [18.5-43.5],6.7 [3.9-10.7]
Zambia,2015,17.3 [10.8-26.0],30.0 [19.2-44.6],7.1 [4.2-11.2]
Zambia,2014,17.7 [11.2-26.6],30.2 [19.5-44.5],7.9 [4.7-12.4]
Zambia,2013,17.9 [11.4-26.8],30.0 [19.4-44.1],8.5 [5.1-13.3]
Zambia,2012,18.5 [11.8-27.5],31.1 [20.3-45.5],8.7 [5.2-13.5]
Zambia,2011,19.8 [12.8-29.4],33.4 [21.9-48.7],9.2 [5.6-14.3]
Zambia,2010,19.7 [12.7-29.1],33.3 [21.9-48.5],9.2 [5.6-14.2]
Zimbabwe,2017,25.9 [13.8-40.9],41.3 [21.2-64.6],15.0 [8.5-24.3]
Zimbabwe,2016,28.7 [15.4-45.3],44.5 [22.8-69.2],17.7 [10.0-28.6]
Zimbabwe,2015,30.7 [16.6-48.3],47.4 [24.5-73.4],19.2 [11.0-30.9]
Zimbabwe,2014,30.8 [16.7-48.4],45.3 [23.5-70.1],21.1 [12.1-33.9]
Zimbabwe,2013,31.4 [17.2-48.9],46.4 [24.2-71.2],21.3 [12.3-34.1]
Zimbabwe,2012,33.1 [18.1-51.3],50.7 [26.6-77.7],20.9 [12.1-33.2]
Zimbabwe,2011,34.3 [18.8-53.2],52.4 [27.6-80.1],21.8 [12.6-34.7]
Zimbabwe,2010,35.0 [19.1-54.5],51.6 [27.1-79.0],23.9 [13.6-38.3]
,,,,
"Applied filters:
LatestYearLabel is 2012, 2013, 2014, 2015, 2016, 2017, 2010, or 2011
Dim1 type is Sex
Location type is Country
LANGUAGE_CODE is en
IndicatorCode is MH_12",,,,
