Country,Year,Alcohol use disorders (%),Dim1,Dim1ValueCode
Argentina,2016.0,1.822573,Beer,ALCOHOLTYPE_SA_BEER
Argentina,2016.0,,Beer,ALCOHOLTYPE_SA_BEER
Argentina,2016.0,1.822573,Spirits,ALCOHOLTYPE_SA_SPIRITS
Argentina,2016.0,,Spirits,ALCOHOLTYPE_SA_SPIRITS
Argentina,2016.0,1.822573,Wine,ALCOHOLTYPE_SA_WINE
Argentina,2016.0,,Wine,ALCOHOLTYPE_SA_WINE
Armenia,2016.0,1.974356,Beer,ALCOHOLTYPE_SA_BEER
Armenia,2016.0,,Beer,ALCOHOLTYPE_SA_BEER
Armenia,2016.0,1.974356,Wine,ALCOHOLTYPE_SA_WINE
Armenia,2016.0,,Wine,ALCOHOLTYPE_SA_WINE
Austria,2016.0,1.855808,Beer,ALCOHOLTYPE_SA_BEER
Austria,2016.0,,Beer,ALCOHOLTYPE_SA_BEER
Austria,2016.0,1.855808,Spirits,ALCOHOLTYPE_SA_SPIRITS
Austria,2016.0,,Spirits,ALCOHOLTYPE_SA_SPIRITS
Austria,2016.0,1.855808,Wine,ALCOHOLTYPE_SA_WINE
Austria,2016.0,,Wine,ALCOHOLTYPE_SA_WINE
Benin,2016.0,0.989202,Beer,ALCOHOLTYPE_SA_BEER
Benin,2016.0,,Beer,ALCOHOLTYPE_SA_BEER
Benin,2016.0,0.989202,Spirits,ALCOHOLTYPE_SA_SPIRITS
Benin,2016.0,,Spirits,ALCOHOLTYPE_SA_SPIRITS
Benin,2016.0,0.989202,Wine,ALCOHOLTYPE_SA_WINE
Benin,2016.0,,Wine,ALCOHOLTYPE_SA_WINE
Bosnia and Herzegovina,2016.0,2.835715,Beer,ALCOHOLTYPE_SA_BEER
Bosnia and Herzegovina,2016.0,,Beer,ALCOHOLTYPE_SA_BEER
Bosnia and Herzegovina,2016.0,2.835715,Spirits,ALCOHOLTYPE_SA_SPIRITS
Bosnia and Herzegovina,2016.0,,Spirits,ALCOHOLTYPE_SA_SPIRITS
Bosnia and Herzegovina,2016.0,2.835715,Wine,ALCOHOLTYPE_SA_WINE
Bosnia and Herzegovina,2016.0,,Wine,ALCOHOLTYPE_SA_WINE
Chad,2016.0,0.943932,Beer,ALCOHOLTYPE_SA_BEER
Chad,2016.0,,Beer,ALCOHOLTYPE_SA_BEER
Chad,2016.0,0.943932,Spirits,ALCOHOLTYPE_SA_SPIRITS
Chad,2016.0,,Spirits,ALCOHOLTYPE_SA_SPIRITS
Chad,2016.0,0.943932,Wine,ALCOHOLTYPE_SA_WINE
Chad,2016.0,,Wine,ALCOHOLTYPE_SA_WINE
Cook Islands,2016.0,,Beer,ALCOHOLTYPE_SA_BEER
Cook Islands,2016.0,,Spirits,ALCOHOLTYPE_SA_SPIRITS
Cook Islands,2016.0,,Wine,ALCOHOLTYPE_SA_WINE
Croatia,2016.0,2.08746,Beer,ALCOHOLTYPE_SA_BEER
Croatia,2016.0,,Beer,ALCOHOLTYPE_SA_BEER
Croatia,2016.0,2.08746,Spirits,ALCOHOLTYPE_SA_SPIRITS
Croatia,2016.0,,Spirits,ALCOHOLTYPE_SA_SPIRITS
Croatia,2016.0,2.08746,Wine,ALCOHOLTYPE_SA_WINE
Croatia,2016.0,,Wine,ALCOHOLTYPE_SA_WINE
Denmark,2016.0,1.747206,Beer,ALCOHOLTYPE_SA_BEER
Denmark,2016.0,,Beer,ALCOHOLTYPE_SA_BEER
Denmark,2016.0,1.747206,Spirits,ALCOHOLTYPE_SA_SPIRITS
Denmark,2016.0,,Spirits,ALCOHOLTYPE_SA_SPIRITS
Denmark,2016.0,1.747206,Wine,ALCOHOLTYPE_SA_WINE
Denmark,2016.0,,Wine,ALCOHOLTYPE_SA_WINE
Dominica,2016.0,2.082638,Beer,ALCOHOLTYPE_SA_BEER
Dominica,2016.0,,Beer,ALCOHOLTYPE_SA_BEER
Dominica,2016.0,2.082638,Spirits,ALCOHOLTYPE_SA_SPIRITS
Dominica,2016.0,,Spirits,ALCOHOLTYPE_SA_SPIRITS
Dominica,2016.0,2.082638,Wine,ALCOHOLTYPE_SA_WINE
Dominica,2016.0,,Wine,ALCOHOLTYPE_SA_WINE
Equatorial Guinea,2016.0,1.47877,Beer,ALCOHOLTYPE_SA_BEER
Equatorial Guinea,2016.0,,Beer,ALCOHOLTYPE_SA_BEER
Equatorial Guinea,2016.0,1.47877,Spirits,ALCOHOLTYPE_SA_SPIRITS
Equatorial Guinea,2016.0,,Spirits,ALCOHOLTYPE_SA_SPIRITS
Equatorial Guinea,2016.0,1.47877,Wine,ALCOHOLTYPE_SA_WINE
Equatorial Guinea,2016.0,,Wine,ALCOHOLTYPE_SA_WINE
Eritrea,2016.0,1.736561,Beer,ALCOHOLTYPE_SA_BEER
Eritrea,2016.0,,Beer,ALCOHOLTYPE_SA_BEER
Eritrea,2016.0,1.736561,Spirits,ALCOHOLTYPE_SA_SPIRITS
Eritrea,2016.0,,Spirits,ALCOHOLTYPE_SA_SPIRITS
Eritrea,2016.0,1.736561,Wine,ALCOHOLTYPE_SA_WINE
Eritrea,2016.0,,Wine,ALCOHOLTYPE_SA_WINE
Estonia,2016.0,4.788716,Beer,ALCOHOLTYPE_SA_BEER
Estonia,2016.0,,Beer,ALCOHOLTYPE_SA_BEER
Estonia,2016.0,4.788716,Spirits,ALCOHOLTYPE_SA_SPIRITS
Estonia,2016.0,,Spirits,ALCOHOLTYPE_SA_SPIRITS
Estonia,2016.0,4.788716,Wine,ALCOHOLTYPE_SA_WINE
Estonia,2016.0,,Wine,ALCOHOLTYPE_SA_WINE
Finland,2016.0,2.657734,Beer,ALCOHOLTYPE_SA_BEER
Finland,2016.0,,Beer,ALCOHOLTYPE_SA_BEER
Finland,2016.0,2.657734,Spirits,ALCOHOLTYPE_SA_SPIRITS
Finland,2016.0,,Spirits,ALCOHOLTYPE_SA_SPIRITS
Finland,2016.0,2.657734,Wine,ALCOHOLTYPE_SA_WINE
Finland,2016.0,,Wine,ALCOHOLTYPE_SA_WINE
France,2016.0,1.440362,Beer,ALCOHOLTYPE_SA_BEER
France,2016.0,,Beer,ALCOHOLTYPE_SA_BEER
France,2016.0,1.440362,Spirits,ALCOHOLTYPE_SA_SPIRITS
France,2016.0,,Spirits,ALCOHOLTYPE_SA_SPIRITS
France,2016.0,1.440362,Wine,ALCOHOLTYPE_SA_WINE
France,2016.0,,Wine,ALCOHOLTYPE_SA_WINE
Gabon,2016.0,1.470468,Beer,ALCOHOLTYPE_SA_BEER
Gabon,2016.0,,Beer,ALCOHOLTYPE_SA_BEER
Gabon,2016.0,1.470468,Spirits,ALCOHOLTYPE_SA_SPIRITS
Gabon,2016.0,,Spirits,ALCOHOLTYPE_SA_SPIRITS
Gabon,2016.0,1.470468,Wine,ALCOHOLTYPE_SA_WINE
Gabon,2016.0,,Wine,ALCOHOLTYPE_SA_WINE
Georgia,2016.0,2.077194,Beer,ALCOHOLTYPE_SA_BEER
Georgia,2016.0,,Beer,ALCOHOLTYPE_SA_BEER
Georgia,2016.0,2.077194,Spirits,ALCOHOLTYPE_SA_SPIRITS
Georgia,2016.0,,Spirits,ALCOHOLTYPE_SA_SPIRITS
Georgia,2016.0,2.077194,Wine,ALCOHOLTYPE_SA_WINE
Georgia,2016.0,,Wine,ALCOHOLTYPE_SA_WINE
Germany,2016.0,1.874791,Beer,ALCOHOLTYPE_SA_BEER
Germany,2016.0,,Beer,ALCOHOLTYPE_SA_BEER
Germany,2016.0,1.874791,Spirits,ALCOHOLTYPE_SA_SPIRITS
Germany,2016.0,,Spirits,ALCOHOLTYPE_SA_SPIRITS
Germany,2016.0,1.874791,Wine,ALCOHOLTYPE_SA_WINE
Germany,2016.0,,Wine,ALCOHOLTYPE_SA_WINE
Grenada,2016.0,1.741054,Beer,ALCOHOLTYPE_SA_BEER
Grenada,2016.0,,Beer,ALCOHOLTYPE_SA_BEER
Grenada,2016.0,1.741054,Spirits,ALCOHOLTYPE_SA_SPIRITS
Grenada,2016.0,,Spirits,ALCOHOLTYPE_SA_SPIRITS
Grenada,2016.0,1.741054,Wine,ALCOHOLTYPE_SA_WINE
Grenada,2016.0,,Wine,ALCOHOLTYPE_SA_WINE
Hungary,2016.0,2.121472,Beer,ALCOHOLTYPE_SA_BEER
Hungary,2016.0,,Beer,ALCOHOLTYPE_SA_BEER
Hungary,2016.0,2.121472,Spirits,ALCOHOLTYPE_SA_SPIRITS
Hungary,2016.0,,Spirits,ALCOHOLTYPE_SA_SPIRITS
Hungary,2016.0,2.121472,Wine,ALCOHOLTYPE_SA_WINE
Hungary,2016.0,,Wine,ALCOHOLTYPE_SA_WINE
Ireland,2016.0,2.118275,Beer,ALCOHOLTYPE_SA_BEER
Ireland,2016.0,,Beer,ALCOHOLTYPE_SA_BEER
Ireland,2016.0,2.118275,Spirits,ALCOHOLTYPE_SA_SPIRITS
Ireland,2016.0,,Spirits,ALCOHOLTYPE_SA_SPIRITS
Ireland,2016.0,2.118275,Wine,ALCOHOLTYPE_SA_WINE
Ireland,2016.0,,Wine,ALCOHOLTYPE_SA_WINE
Latvia,2016.0,4.435188,Beer,ALCOHOLTYPE_SA_BEER
Latvia,2016.0,,Beer,ALCOHOLTYPE_SA_BEER
Latvia,2016.0,4.435188,Spirits,ALCOHOLTYPE_SA_SPIRITS
Latvia,2016.0,,Spirits,ALCOHOLTYPE_SA_SPIRITS
Latvia,2016.0,4.435188,Wine,ALCOHOLTYPE_SA_WINE
Latvia,2016.0,,Wine,ALCOHOLTYPE_SA_WINE
Lesotho,2016.0,1.662429,Beer,ALCOHOLTYPE_SA_BEER
Lesotho,2016.0,,Beer,ALCOHOLTYPE_SA_BEER
Lesotho,2016.0,1.662429,Spirits,ALCOHOLTYPE_SA_SPIRITS
Lesotho,2016.0,,Spirits,ALCOHOLTYPE_SA_SPIRITS
Lesotho,2016.0,1.662429,Wine,ALCOHOLTYPE_SA_WINE
Lesotho,2016.0,,Wine,ALCOHOLTYPE_SA_WINE
Lithuania,2016.0,4.464844,Beer,ALCOHOLTYPE_SA_BEER
Lithuania,2016.0,,Beer,ALCOHOLTYPE_SA_BEER
Lithuania,2016.0,4.464844,Spirits,ALCOHOLTYPE_SA_SPIRITS
Lithuania,2016.0,,Spirits,ALCOHOLTYPE_SA_SPIRITS
Lithuania,2016.0,4.464844,Wine,ALCOHOLTYPE_SA_WINE
Lithuania,2016.0,,Wine,ALCOHOLTYPE_SA_WINE
Mali,2016.0,0.904496,Beer,ALCOHOLTYPE_SA_BEER
Mali,2016.0,,Beer,ALCOHOLTYPE_SA_BEER
Mali,2016.0,0.904496,Spirits,ALCOHOLTYPE_SA_SPIRITS
Mali,2016.0,,Spirits,ALCOHOLTYPE_SA_SPIRITS
Mali,2016.0,0.904496,Wine,ALCOHOLTYPE_SA_WINE
Mali,2016.0,,Wine,ALCOHOLTYPE_SA_WINE
Mexico,2016.0,1.730409,Beer,ALCOHOLTYPE_SA_BEER
Mexico,2016.0,,Beer,ALCOHOLTYPE_SA_BEER
Mexico,2016.0,1.730409,Spirits,ALCOHOLTYPE_SA_SPIRITS
Mexico,2016.0,,Spirits,ALCOHOLTYPE_SA_SPIRITS
Mexico,2016.0,1.730409,Wine,ALCOHOLTYPE_SA_WINE
Mexico,2016.0,,Wine,ALCOHOLTYPE_SA_WINE
Montenegro,2016.0,1.853489,Beer,ALCOHOLTYPE_SA_BEER
Montenegro,2016.0,,Beer,ALCOHOLTYPE_SA_BEER
Montenegro,2016.0,1.853489,Spirits,ALCOHOLTYPE_SA_SPIRITS
Montenegro,2016.0,,Spirits,ALCOHOLTYPE_SA_SPIRITS
Montenegro,2016.0,1.853489,Wine,ALCOHOLTYPE_SA_WINE
Montenegro,2016.0,,Wine,ALCOHOLTYPE_SA_WINE
New Zealand,2016.0,2.134993,Beer,ALCOHOLTYPE_SA_BEER
New Zealand,2016.0,,Beer,ALCOHOLTYPE_SA_BEER
New Zealand,2016.0,2.134993,Spirits,ALCOHOLTYPE_SA_SPIRITS
New Zealand,2016.0,,Spirits,ALCOHOLTYPE_SA_SPIRITS
New Zealand,2016.0,2.134993,Wine,ALCOHOLTYPE_SA_WINE
New Zealand,2016.0,,Wine,ALCOHOLTYPE_SA_WINE
Poland,2016.0,2.039924,Beer,ALCOHOLTYPE_SA_BEER
Poland,2016.0,,Beer,ALCOHOLTYPE_SA_BEER
Poland,2016.0,2.039924,Spirits,ALCOHOLTYPE_SA_SPIRITS
Poland,2016.0,,Spirits,ALCOHOLTYPE_SA_SPIRITS
Poland,2016.0,2.039924,Wine,ALCOHOLTYPE_SA_WINE
Poland,2016.0,,Wine,ALCOHOLTYPE_SA_WINE
Romania,2016.0,1.6943,Beer,ALCOHOLTYPE_SA_BEER
Romania,2016.0,,Beer,ALCOHOLTYPE_SA_BEER
Romania,2016.0,1.6943,Spirits,ALCOHOLTYPE_SA_SPIRITS
Romania,2016.0,,Spirits,ALCOHOLTYPE_SA_SPIRITS
Romania,2016.0,1.6943,Wine,ALCOHOLTYPE_SA_WINE
Romania,2016.0,,Wine,ALCOHOLTYPE_SA_WINE
Rwanda,2016.0,2.345581,Beer,ALCOHOLTYPE_SA_BEER
Rwanda,2016.0,,Beer,ALCOHOLTYPE_SA_BEER
Rwanda,2016.0,2.345581,Spirits,ALCOHOLTYPE_SA_SPIRITS
Rwanda,2016.0,,Spirits,ALCOHOLTYPE_SA_SPIRITS
Rwanda,2016.0,2.345581,Wine,ALCOHOLTYPE_SA_WINE
Rwanda,2016.0,,Wine,ALCOHOLTYPE_SA_WINE
Saint Kitts and Nevis,2016.0,,Beer,ALCOHOLTYPE_SA_BEER
Saint Kitts and Nevis,2016.0,,Spirits,ALCOHOLTYPE_SA_SPIRITS
Saint Kitts and Nevis,2016.0,,Wine,ALCOHOLTYPE_SA_WINE
Saint Lucia,2016.0,1.905798,Spirits,ALCOHOLTYPE_SA_SPIRITS
Saint Lucia,2016.0,,Spirits,ALCOHOLTYPE_SA_SPIRITS
Saint Lucia,2016.0,1.905798,Wine,ALCOHOLTYPE_SA_WINE
Saint Lucia,2016.0,,Wine,ALCOHOLTYPE_SA_WINE
Saint Vincent and the Grenadines,2016.0,2.225185,Spirits,ALCOHOLTYPE_SA_SPIRITS
Saint Vincent and the Grenadines,2016.0,,Spirits,ALCOHOLTYPE_SA_SPIRITS
Saint Vincent and the Grenadines,2016.0,2.225185,Wine,ALCOHOLTYPE_SA_WINE
Saint Vincent and the Grenadines,2016.0,,Wine,ALCOHOLTYPE_SA_WINE
Slovakia,2016.0,2.486322,Beer,ALCOHOLTYPE_SA_BEER
Slovakia,2016.0,,Beer,ALCOHOLTYPE_SA_BEER
Slovakia,2016.0,2.486322,Spirits,ALCOHOLTYPE_SA_SPIRITS
Slovakia,2016.0,,Spirits,ALCOHOLTYPE_SA_SPIRITS
Slovakia,2016.0,2.486322,Wine,ALCOHOLTYPE_SA_WINE
Slovakia,2016.0,,Wine,ALCOHOLTYPE_SA_WINE
Slovenia,2016.0,2.239801,Beer,ALCOHOLTYPE_SA_BEER
Slovenia,2016.0,,Beer,ALCOHOLTYPE_SA_BEER
Slovenia,2016.0,2.239801,Spirits,ALCOHOLTYPE_SA_SPIRITS
Slovenia,2016.0,,Spirits,ALCOHOLTYPE_SA_SPIRITS
Slovenia,2016.0,2.239801,Wine,ALCOHOLTYPE_SA_WINE
Slovenia,2016.0,,Wine,ALCOHOLTYPE_SA_WINE
South Africa,2016.0,1.577801,Beer,ALCOHOLTYPE_SA_BEER
South Africa,2016.0,,Beer,ALCOHOLTYPE_SA_BEER
South Africa,2016.0,1.577801,Spirits,ALCOHOLTYPE_SA_SPIRITS
South Africa,2016.0,,Spirits,ALCOHOLTYPE_SA_SPIRITS
South Africa,2016.0,1.577801,Wine,ALCOHOLTYPE_SA_WINE
South Africa,2016.0,,Wine,ALCOHOLTYPE_SA_WINE
Suriname,2016.0,1.76417,Beer,ALCOHOLTYPE_SA_BEER
Suriname,2016.0,,Beer,ALCOHOLTYPE_SA_BEER
Suriname,2016.0,1.76417,Spirits,ALCOHOLTYPE_SA_SPIRITS
Suriname,2016.0,,Spirits,ALCOHOLTYPE_SA_SPIRITS
Suriname,2016.0,1.76417,Wine,ALCOHOLTYPE_SA_WINE
Suriname,2016.0,,Wine,ALCOHOLTYPE_SA_WINE
Sweden,2016.0,1.659861,Beer,ALCOHOLTYPE_SA_BEER
Sweden,2016.0,,Beer,ALCOHOLTYPE_SA_BEER
Sweden,2016.0,1.659861,Spirits,ALCOHOLTYPE_SA_SPIRITS
Sweden,2016.0,,Spirits,ALCOHOLTYPE_SA_SPIRITS
Sweden,2016.0,1.659861,Wine,ALCOHOLTYPE_SA_WINE
Sweden,2016.0,,Wine,ALCOHOLTYPE_SA_WINE
Switzerland,2016.0,1.378729,Beer,ALCOHOLTYPE_SA_BEER
Switzerland,2016.0,,Beer,ALCOHOLTYPE_SA_BEER
Switzerland,2016.0,1.378729,Spirits,ALCOHOLTYPE_SA_SPIRITS
Switzerland,2016.0,,Spirits,ALCOHOLTYPE_SA_SPIRITS
Switzerland,2016.0,1.378729,Wine,ALCOHOLTYPE_SA_WINE
Switzerland,2016.0,,Wine,ALCOHOLTYPE_SA_WINE
Togo,2016.0,0.966218,Beer,ALCOHOLTYPE_SA_BEER
Togo,2016.0,,Beer,ALCOHOLTYPE_SA_BEER
Togo,2016.0,0.966218,Spirits,ALCOHOLTYPE_SA_SPIRITS
Togo,2016.0,,Spirits,ALCOHOLTYPE_SA_SPIRITS
Togo,2016.0,0.966218,Wine,ALCOHOLTYPE_SA_WINE
Togo,2016.0,,Wine,ALCOHOLTYPE_SA_WINE
Uruguay,2016.0,1.188669,Beer,ALCOHOLTYPE_SA_BEER
Uruguay,2016.0,,Beer,ALCOHOLTYPE_SA_BEER
Uruguay,2016.0,1.188669,Spirits,ALCOHOLTYPE_SA_SPIRITS
Uruguay,2016.0,,Spirits,ALCOHOLTYPE_SA_SPIRITS
Uruguay,2016.0,1.188669,Wine,ALCOHOLTYPE_SA_WINE
Uruguay,2016.0,,Wine,ALCOHOLTYPE_SA_WINE
Afghanistan,2016.0,0.66185,Beer,ALCOHOLTYPE_SA_BEER
Afghanistan,2016.0,,Beer,ALCOHOLTYPE_SA_BEER
Afghanistan,2016.0,0.66185,Spirits,ALCOHOLTYPE_SA_SPIRITS
Afghanistan,2016.0,,Spirits,ALCOHOLTYPE_SA_SPIRITS
Afghanistan,2016.0,0.66185,Wine,ALCOHOLTYPE_SA_WINE
Afghanistan,2016.0,,Wine,ALCOHOLTYPE_SA_WINE
Bahrain,2016.0,0.728528,Beer,ALCOHOLTYPE_SA_BEER
Bahrain,2016.0,,Beer,ALCOHOLTYPE_SA_BEER
Bahrain,2016.0,0.728528,Spirits,ALCOHOLTYPE_SA_SPIRITS
Bahrain,2016.0,,Spirits,ALCOHOLTYPE_SA_SPIRITS
Bahrain,2016.0,0.728528,Wine,ALCOHOLTYPE_SA_WINE
Bahrain,2016.0,,Wine,ALCOHOLTYPE_SA_WINE
Barbados,2016.0,1.583089,Beer,ALCOHOLTYPE_SA_BEER
Barbados,2016.0,,Beer,ALCOHOLTYPE_SA_BEER
Barbados,2016.0,1.583089,Spirits,ALCOHOLTYPE_SA_SPIRITS
Barbados,2016.0,,Spirits,ALCOHOLTYPE_SA_SPIRITS
Barbados,2016.0,1.583089,Wine,ALCOHOLTYPE_SA_WINE
Barbados,2016.0,,Wine,ALCOHOLTYPE_SA_WINE
Cuba,2016.0,1.733105,Beer,ALCOHOLTYPE_SA_BEER
Cuba,2016.0,,Beer,ALCOHOLTYPE_SA_BEER
Cuba,2016.0,1.733105,Spirits,ALCOHOLTYPE_SA_SPIRITS
Cuba,2016.0,,Spirits,ALCOHOLTYPE_SA_SPIRITS
Cuba,2016.0,1.733105,Wine,ALCOHOLTYPE_SA_WINE
Cuba,2016.0,,Wine,ALCOHOLTYPE_SA_WINE
Fiji,2016.0,1.106866,Beer,ALCOHOLTYPE_SA_BEER
Fiji,2016.0,,Beer,ALCOHOLTYPE_SA_BEER
Fiji,2016.0,1.106866,Spirits,ALCOHOLTYPE_SA_SPIRITS
Fiji,2016.0,,Spirits,ALCOHOLTYPE_SA_SPIRITS
Fiji,2016.0,1.106866,Wine,ALCOHOLTYPE_SA_WINE
Fiji,2016.0,,Wine,ALCOHOLTYPE_SA_WINE
Guatemala,2016.0,2.656497,Beer,ALCOHOLTYPE_SA_BEER
Guatemala,2016.0,,Beer,ALCOHOLTYPE_SA_BEER
Guatemala,2016.0,2.656497,Spirits,ALCOHOLTYPE_SA_SPIRITS
Guatemala,2016.0,,Spirits,ALCOHOLTYPE_SA_SPIRITS
Guatemala,2016.0,2.656497,Wine,ALCOHOLTYPE_SA_WINE
Guatemala,2016.0,,Wine,ALCOHOLTYPE_SA_WINE
Haiti,2016.0,1.653282,Beer,ALCOHOLTYPE_SA_BEER
Haiti,2016.0,,Beer,ALCOHOLTYPE_SA_BEER
Haiti,2016.0,1.653282,Spirits,ALCOHOLTYPE_SA_SPIRITS
Haiti,2016.0,,Spirits,ALCOHOLTYPE_SA_SPIRITS
Haiti,2016.0,1.653282,Wine,ALCOHOLTYPE_SA_WINE
Haiti,2016.0,,Wine,ALCOHOLTYPE_SA_WINE
India,2016.0,1.125008,Beer,ALCOHOLTYPE_SA_BEER
India,2016.0,,Beer,ALCOHOLTYPE_SA_BEER
India,2016.0,1.125008,Spirits,ALCOHOLTYPE_SA_SPIRITS
India,2016.0,,Spirits,ALCOHOLTYPE_SA_SPIRITS
India,2016.0,1.125008,Wine,ALCOHOLTYPE_SA_WINE
India,2016.0,,Wine,ALCOHOLTYPE_SA_WINE
Kuwait,2016.0,0.678895,Beer,ALCOHOLTYPE_SA_BEER
Kuwait,2016.0,,Beer,ALCOHOLTYPE_SA_BEER
Kuwait,2016.0,0.678895,Spirits,ALCOHOLTYPE_SA_SPIRITS
Kuwait,2016.0,,Spirits,ALCOHOLTYPE_SA_SPIRITS
Kuwait,2016.0,0.678895,Wine,ALCOHOLTYPE_SA_WINE
Kuwait,2016.0,,Wine,ALCOHOLTYPE_SA_WINE
Kyrgyzstan,2016.0,2.788398,Beer,ALCOHOLTYPE_SA_BEER
Kyrgyzstan,2016.0,,Beer,ALCOHOLTYPE_SA_BEER
Kyrgyzstan,2016.0,2.788398,Spirits,ALCOHOLTYPE_SA_SPIRITS
Kyrgyzstan,2016.0,,Spirits,ALCOHOLTYPE_SA_SPIRITS
Kyrgyzstan,2016.0,2.788398,Wine,ALCOHOLTYPE_SA_WINE
Kyrgyzstan,2016.0,,Wine,ALCOHOLTYPE_SA_WINE
Libya,2016.0,0.681672,Beer,ALCOHOLTYPE_SA_BEER
Libya,2016.0,,Beer,ALCOHOLTYPE_SA_BEER
Libya,2016.0,0.681672,Spirits,ALCOHOLTYPE_SA_SPIRITS
Libya,2016.0,,Spirits,ALCOHOLTYPE_SA_SPIRITS
Libya,2016.0,0.681672,Wine,ALCOHOLTYPE_SA_WINE
Libya,2016.0,,Wine,ALCOHOLTYPE_SA_WINE
Maldives,2016.0,0.830768,Beer,ALCOHOLTYPE_SA_BEER
Maldives,2016.0,,Beer,ALCOHOLTYPE_SA_BEER
Maldives,2016.0,0.830768,Spirits,ALCOHOLTYPE_SA_SPIRITS
Maldives,2016.0,,Spirits,ALCOHOLTYPE_SA_SPIRITS
Maldives,2016.0,0.830768,Wine,ALCOHOLTYPE_SA_WINE
Maldives,2016.0,,Wine,ALCOHOLTYPE_SA_WINE
Mauritania,2016.0,0.928828,Beer,ALCOHOLTYPE_SA_BEER
Mauritania,2016.0,,Beer,ALCOHOLTYPE_SA_BEER
Mauritania,2016.0,0.928828,Spirits,ALCOHOLTYPE_SA_SPIRITS
Mauritania,2016.0,,Spirits,ALCOHOLTYPE_SA_SPIRITS
Mauritania,2016.0,0.928828,Wine,ALCOHOLTYPE_SA_WINE
Mauritania,2016.0,,Wine,ALCOHOLTYPE_SA_WINE
Monaco,2016.0,,Beer,ALCOHOLTYPE_SA_BEER
Monaco,2016.0,,Spirits,ALCOHOLTYPE_SA_SPIRITS
Monaco,2016.0,,Wine,ALCOHOLTYPE_SA_WINE
Nauru,2016.0,,Beer,ALCOHOLTYPE_SA_BEER
Nauru,2016.0,,Spirits,ALCOHOLTYPE_SA_SPIRITS
Nauru,2016.0,,Wine,ALCOHOLTYPE_SA_WINE
Nepal,2016.0,1.523243,Beer,ALCOHOLTYPE_SA_BEER
Nepal,2016.0,,Beer,ALCOHOLTYPE_SA_BEER
Nepal,2016.0,1.523243,Spirits,ALCOHOLTYPE_SA_SPIRITS
Nepal,2016.0,,Spirits,ALCOHOLTYPE_SA_SPIRITS
Nepal,2016.0,1.523243,Wine,ALCOHOLTYPE_SA_WINE
Nepal,2016.0,,Wine,ALCOHOLTYPE_SA_WINE
Niue,2016.0,,Beer,ALCOHOLTYPE_SA_BEER
Niue,2016.0,,Spirits,ALCOHOLTYPE_SA_SPIRITS
Niue,2016.0,,Wine,ALCOHOLTYPE_SA_WINE
Palau,2016.0,,Beer,ALCOHOLTYPE_SA_BEER
Palau,2016.0,,Spirits,ALCOHOLTYPE_SA_SPIRITS
Palau,2016.0,,Wine,ALCOHOLTYPE_SA_WINE
Papua New Guinea,2016.0,1.211666,Beer,ALCOHOLTYPE_SA_BEER
Papua New Guinea,2016.0,,Beer,ALCOHOLTYPE_SA_BEER
Papua New Guinea,2016.0,1.211666,Spirits,ALCOHOLTYPE_SA_SPIRITS
Papua New Guinea,2016.0,,Spirits,ALCOHOLTYPE_SA_SPIRITS
Papua New Guinea,2016.0,1.211666,Wine,ALCOHOLTYPE_SA_WINE
Papua New Guinea,2016.0,,Wine,ALCOHOLTYPE_SA_WINE
Qatar,2016.0,0.733125,Beer,ALCOHOLTYPE_SA_BEER
Qatar,2016.0,,Beer,ALCOHOLTYPE_SA_BEER
Qatar,2016.0,0.733125,Spirits,ALCOHOLTYPE_SA_SPIRITS
Qatar,2016.0,,Spirits,ALCOHOLTYPE_SA_SPIRITS
Qatar,2016.0,0.733125,Wine,ALCOHOLTYPE_SA_WINE
Qatar,2016.0,,Wine,ALCOHOLTYPE_SA_WINE
Saudi Arabia,2016.0,0.679916,Beer,ALCOHOLTYPE_SA_BEER
Saudi Arabia,2016.0,,Beer,ALCOHOLTYPE_SA_BEER
Saudi Arabia,2016.0,0.679916,Spirits,ALCOHOLTYPE_SA_SPIRITS
Saudi Arabia,2016.0,,Spirits,ALCOHOLTYPE_SA_SPIRITS
Saudi Arabia,2016.0,0.679916,Wine,ALCOHOLTYPE_SA_WINE
Saudi Arabia,2016.0,,Wine,ALCOHOLTYPE_SA_WINE
Solomon Islands,2016.0,1.136003,Beer,ALCOHOLTYPE_SA_BEER
Solomon Islands,2016.0,,Beer,ALCOHOLTYPE_SA_BEER
Solomon Islands,2016.0,1.136003,Spirits,ALCOHOLTYPE_SA_SPIRITS
Solomon Islands,2016.0,,Spirits,ALCOHOLTYPE_SA_SPIRITS
Solomon Islands,2016.0,1.136003,Wine,ALCOHOLTYPE_SA_WINE
Solomon Islands,2016.0,,Wine,ALCOHOLTYPE_SA_WINE
Somalia,2016.0,1.541579,Beer,ALCOHOLTYPE_SA_BEER
Somalia,2016.0,,Beer,ALCOHOLTYPE_SA_BEER
Somalia,2016.0,1.541579,Spirits,ALCOHOLTYPE_SA_SPIRITS
Somalia,2016.0,,Spirits,ALCOHOLTYPE_SA_SPIRITS
Somalia,2016.0,1.541579,Wine,ALCOHOLTYPE_SA_WINE
Somalia,2016.0,,Wine,ALCOHOLTYPE_SA_WINE
Sudan,2016.0,0.64622,Beer,ALCOHOLTYPE_SA_BEER
Sudan,2016.0,,Beer,ALCOHOLTYPE_SA_BEER
Sudan,2016.0,0.64622,Spirits,ALCOHOLTYPE_SA_SPIRITS
Sudan,2016.0,,Spirits,ALCOHOLTYPE_SA_SPIRITS
Sudan,2016.0,0.64622,Wine,ALCOHOLTYPE_SA_WINE
Sudan,2016.0,,Wine,ALCOHOLTYPE_SA_WINE
Tonga,2016.0,1.136137,Beer,ALCOHOLTYPE_SA_BEER
Tonga,2016.0,,Beer,ALCOHOLTYPE_SA_BEER
Tonga,2016.0,1.136137,Spirits,ALCOHOLTYPE_SA_SPIRITS
Tonga,2016.0,,Spirits,ALCOHOLTYPE_SA_SPIRITS
Tonga,2016.0,1.136137,Wine,ALCOHOLTYPE_SA_WINE
Tonga,2016.0,,Wine,ALCOHOLTYPE_SA_WINE
Tunisia,2016.0,0.652629,Beer,ALCOHOLTYPE_SA_BEER
Tunisia,2016.0,,Beer,ALCOHOLTYPE_SA_BEER
Tunisia,2016.0,0.652629,Spirits,ALCOHOLTYPE_SA_SPIRITS
Tunisia,2016.0,,Spirits,ALCOHOLTYPE_SA_SPIRITS
Tunisia,2016.0,0.652629,Wine,ALCOHOLTYPE_SA_WINE
Tunisia,2016.0,,Wine,ALCOHOLTYPE_SA_WINE
Tuvalu,2016.0,,Beer,ALCOHOLTYPE_SA_BEER
Tuvalu,2016.0,,Spirits,ALCOHOLTYPE_SA_SPIRITS
Tuvalu,2016.0,,Wine,ALCOHOLTYPE_SA_WINE
United Arab Emirates,2016.0,0.758189,Beer,ALCOHOLTYPE_SA_BEER
United Arab Emirates,2016.0,,Beer,ALCOHOLTYPE_SA_BEER
United Arab Emirates,2016.0,0.758189,Spirits,ALCOHOLTYPE_SA_SPIRITS
United Arab Emirates,2016.0,,Spirits,ALCOHOLTYPE_SA_SPIRITS
United Arab Emirates,2016.0,0.758189,Wine,ALCOHOLTYPE_SA_WINE
United Arab Emirates,2016.0,,Wine,ALCOHOLTYPE_SA_WINE
Yemen,2016.0,0.635438,Beer,ALCOHOLTYPE_SA_BEER
Yemen,2016.0,,Beer,ALCOHOLTYPE_SA_BEER
Yemen,2016.0,0.635438,Spirits,ALCOHOLTYPE_SA_SPIRITS
Yemen,2016.0,,Spirits,ALCOHOLTYPE_SA_SPIRITS
Yemen,2016.0,0.635438,Wine,ALCOHOLTYPE_SA_WINE
Yemen,2016.0,,Wine,ALCOHOLTYPE_SA_WINE
Albania,2016.0,1.845972,Beer,ALCOHOLTYPE_SA_BEER
Albania,2016.0,,Beer,ALCOHOLTYPE_SA_BEER
Albania,2016.0,1.845972,Spirits,ALCOHOLTYPE_SA_SPIRITS
Albania,2016.0,,Spirits,ALCOHOLTYPE_SA_SPIRITS
Albania,2016.0,1.845972,Wine,ALCOHOLTYPE_SA_WINE
Albania,2016.0,,Wine,ALCOHOLTYPE_SA_WINE
Algeria,2016.0,0.665681,Beer,ALCOHOLTYPE_SA_BEER
Algeria,2016.0,,Beer,ALCOHOLTYPE_SA_BEER
Algeria,2016.0,0.665681,Spirits,ALCOHOLTYPE_SA_SPIRITS
Algeria,2016.0,,Spirits,ALCOHOLTYPE_SA_SPIRITS
Algeria,2016.0,0.665681,Wine,ALCOHOLTYPE_SA_WINE
Algeria,2016.0,,Wine,ALCOHOLTYPE_SA_WINE
Andorra,2016.0,1.253886,Beer,ALCOHOLTYPE_SA_BEER
Andorra,2016.0,,Beer,ALCOHOLTYPE_SA_BEER
Andorra,2016.0,1.253886,Spirits,ALCOHOLTYPE_SA_SPIRITS
Andorra,2016.0,,Spirits,ALCOHOLTYPE_SA_SPIRITS
Andorra,2016.0,1.253886,Wine,ALCOHOLTYPE_SA_WINE
Andorra,2016.0,,Wine,ALCOHOLTYPE_SA_WINE
Angola,2016.0,1.381018,Beer,ALCOHOLTYPE_SA_BEER
Angola,2016.0,,Beer,ALCOHOLTYPE_SA_BEER
Angola,2016.0,1.381018,Spirits,ALCOHOLTYPE_SA_SPIRITS
Angola,2016.0,,Spirits,ALCOHOLTYPE_SA_SPIRITS
Angola,2016.0,1.381018,Wine,ALCOHOLTYPE_SA_WINE
Angola,2016.0,,Wine,ALCOHOLTYPE_SA_WINE
Antigua and Barbuda,2016.0,2.150762,Beer,ALCOHOLTYPE_SA_BEER
Antigua and Barbuda,2016.0,,Beer,ALCOHOLTYPE_SA_BEER
Antigua and Barbuda,2016.0,2.150762,Spirits,ALCOHOLTYPE_SA_SPIRITS
Antigua and Barbuda,2016.0,,Spirits,ALCOHOLTYPE_SA_SPIRITS
Antigua and Barbuda,2016.0,2.150762,Wine,ALCOHOLTYPE_SA_WINE
Antigua and Barbuda,2016.0,,Wine,ALCOHOLTYPE_SA_WINE
Armenia,2016.0,1.974356,Spirits,ALCOHOLTYPE_SA_SPIRITS
Armenia,2016.0,,Spirits,ALCOHOLTYPE_SA_SPIRITS
Australia,2016.0,1.511465,Beer,ALCOHOLTYPE_SA_BEER
Australia,2016.0,,Beer,ALCOHOLTYPE_SA_BEER
Australia,2016.0,1.511465,Spirits,ALCOHOLTYPE_SA_SPIRITS
Australia,2016.0,,Spirits,ALCOHOLTYPE_SA_SPIRITS
Australia,2016.0,1.511465,Wine,ALCOHOLTYPE_SA_WINE
Australia,2016.0,,Wine,ALCOHOLTYPE_SA_WINE
Azerbaijan,2016.0,2.314679,Beer,ALCOHOLTYPE_SA_BEER
Azerbaijan,2016.0,,Beer,ALCOHOLTYPE_SA_BEER
Azerbaijan,2016.0,2.314679,Spirits,ALCOHOLTYPE_SA_SPIRITS
Azerbaijan,2016.0,,Spirits,ALCOHOLTYPE_SA_SPIRITS
Azerbaijan,2016.0,2.314679,Wine,ALCOHOLTYPE_SA_WINE
Azerbaijan,2016.0,,Wine,ALCOHOLTYPE_SA_WINE
Bahamas,2016.0,2.103189,Beer,ALCOHOLTYPE_SA_BEER
Bahamas,2016.0,,Beer,ALCOHOLTYPE_SA_BEER
Bahamas,2016.0,2.103189,Spirits,ALCOHOLTYPE_SA_SPIRITS
Bahamas,2016.0,,Spirits,ALCOHOLTYPE_SA_SPIRITS
Bahamas,2016.0,2.103189,Wine,ALCOHOLTYPE_SA_WINE
Bahamas,2016.0,,Wine,ALCOHOLTYPE_SA_WINE
Bangladesh,2016.0,1.460576,Beer,ALCOHOLTYPE_SA_BEER
Bangladesh,2016.0,,Beer,ALCOHOLTYPE_SA_BEER
Bangladesh,2016.0,1.460576,Spirits,ALCOHOLTYPE_SA_SPIRITS
Bangladesh,2016.0,,Spirits,ALCOHOLTYPE_SA_SPIRITS
Bangladesh,2016.0,1.460576,Wine,ALCOHOLTYPE_SA_WINE
Bangladesh,2016.0,,Wine,ALCOHOLTYPE_SA_WINE
Belarus,2016.0,5.38101,Beer,ALCOHOLTYPE_SA_BEER
Belarus,2016.0,,Beer,ALCOHOLTYPE_SA_BEER
Belarus,2016.0,5.38101,Spirits,ALCOHOLTYPE_SA_SPIRITS
Belarus,2016.0,,Spirits,ALCOHOLTYPE_SA_SPIRITS
Belarus,2016.0,5.38101,Wine,ALCOHOLTYPE_SA_WINE
Belarus,2016.0,,Wine,ALCOHOLTYPE_SA_WINE
Belgium,2016.0,1.460782,Beer,ALCOHOLTYPE_SA_BEER
Belgium,2016.0,,Beer,ALCOHOLTYPE_SA_BEER
Belgium,2016.0,1.460782,Spirits,ALCOHOLTYPE_SA_SPIRITS
Belgium,2016.0,,Spirits,ALCOHOLTYPE_SA_SPIRITS
Belgium,2016.0,1.460782,Wine,ALCOHOLTYPE_SA_WINE
Belgium,2016.0,,Wine,ALCOHOLTYPE_SA_WINE
Belize,2016.0,1.777433,Beer,ALCOHOLTYPE_SA_BEER
Belize,2016.0,,Beer,ALCOHOLTYPE_SA_BEER
Belize,2016.0,1.777433,Spirits,ALCOHOLTYPE_SA_SPIRITS
Belize,2016.0,,Spirits,ALCOHOLTYPE_SA_SPIRITS
Belize,2016.0,1.777433,Wine,ALCOHOLTYPE_SA_WINE
Belize,2016.0,,Wine,ALCOHOLTYPE_SA_WINE
Bhutan,2016.0,2.366019,Beer,ALCOHOLTYPE_SA_BEER
Bhutan,2016.0,,Beer,ALCOHOLTYPE_SA_BEER
Bhutan,2016.0,2.366019,Spirits,ALCOHOLTYPE_SA_SPIRITS
Bhutan,2016.0,,Spirits,ALCOHOLTYPE_SA_SPIRITS
Bhutan,2016.0,2.366019,Wine,ALCOHOLTYPE_SA_WINE
Bhutan,2016.0,,Wine,ALCOHOLTYPE_SA_WINE
Botswana,2016.0,1.618811,Beer,ALCOHOLTYPE_SA_BEER
Botswana,2016.0,,Beer,ALCOHOLTYPE_SA_BEER
Botswana,2016.0,1.618811,Spirits,ALCOHOLTYPE_SA_SPIRITS
Botswana,2016.0,,Spirits,ALCOHOLTYPE_SA_SPIRITS
Botswana,2016.0,1.618811,Wine,ALCOHOLTYPE_SA_WINE
Botswana,2016.0,,Wine,ALCOHOLTYPE_SA_WINE
Brazil,2016.0,2.690277,Beer,ALCOHOLTYPE_SA_BEER
Brazil,2016.0,,Beer,ALCOHOLTYPE_SA_BEER
Brazil,2016.0,2.690277,Spirits,ALCOHOLTYPE_SA_SPIRITS
Brazil,2016.0,,Spirits,ALCOHOLTYPE_SA_SPIRITS
Brazil,2016.0,2.690277,Wine,ALCOHOLTYPE_SA_WINE
Brazil,2016.0,,Wine,ALCOHOLTYPE_SA_WINE
Bulgaria,2016.0,1.82731,Beer,ALCOHOLTYPE_SA_BEER
Bulgaria,2016.0,,Beer,ALCOHOLTYPE_SA_BEER
Bulgaria,2016.0,1.82731,Spirits,ALCOHOLTYPE_SA_SPIRITS
Bulgaria,2016.0,,Spirits,ALCOHOLTYPE_SA_SPIRITS
Bulgaria,2016.0,1.82731,Wine,ALCOHOLTYPE_SA_WINE
Bulgaria,2016.0,,Wine,ALCOHOLTYPE_SA_WINE
Burkina Faso,2016.0,0.998971,Beer,ALCOHOLTYPE_SA_BEER
Burkina Faso,2016.0,,Beer,ALCOHOLTYPE_SA_BEER
Burkina Faso,2016.0,0.998971,Spirits,ALCOHOLTYPE_SA_SPIRITS
Burkina Faso,2016.0,,Spirits,ALCOHOLTYPE_SA_SPIRITS
Burkina Faso,2016.0,0.998971,Wine,ALCOHOLTYPE_SA_WINE
Burkina Faso,2016.0,,Wine,ALCOHOLTYPE_SA_WINE
Burundi,2016.0,1.572661,Beer,ALCOHOLTYPE_SA_BEER
Burundi,2016.0,,Beer,ALCOHOLTYPE_SA_BEER
Burundi,2016.0,1.572661,Spirits,ALCOHOLTYPE_SA_SPIRITS
Burundi,2016.0,,Spirits,ALCOHOLTYPE_SA_SPIRITS
Burundi,2016.0,1.572661,Wine,ALCOHOLTYPE_SA_WINE
Burundi,2016.0,,Wine,ALCOHOLTYPE_SA_WINE
Cote d'Ivoire,2016.0,1.012047,Beer,ALCOHOLTYPE_SA_BEER
Cote d'Ivoire,2016.0,,Beer,ALCOHOLTYPE_SA_BEER
Cote d'Ivoire,2016.0,1.012047,Spirits,ALCOHOLTYPE_SA_SPIRITS
Cote d'Ivoire,2016.0,,Spirits,ALCOHOLTYPE_SA_SPIRITS
Cote d'Ivoire,2016.0,1.012047,Wine,ALCOHOLTYPE_SA_WINE
Cote d'Ivoire,2016.0,,Wine,ALCOHOLTYPE_SA_WINE
Cambodia,2016.0,0.842034,Beer,ALCOHOLTYPE_SA_BEER
Cambodia,2016.0,,Beer,ALCOHOLTYPE_SA_BEER
Cambodia,2016.0,0.842034,Spirits,ALCOHOLTYPE_SA_SPIRITS
Cambodia,2016.0,,Spirits,ALCOHOLTYPE_SA_SPIRITS
Cambodia,2016.0,0.842034,Wine,ALCOHOLTYPE_SA_WINE
Cambodia,2016.0,,Wine,ALCOHOLTYPE_SA_WINE
Cameroon,2016.0,1.025916,Beer,ALCOHOLTYPE_SA_BEER
Cameroon,2016.0,,Beer,ALCOHOLTYPE_SA_BEER
Cameroon,2016.0,1.025916,Spirits,ALCOHOLTYPE_SA_SPIRITS
Cameroon,2016.0,,Spirits,ALCOHOLTYPE_SA_SPIRITS
Cameroon,2016.0,1.025916,Wine,ALCOHOLTYPE_SA_WINE
Cameroon,2016.0,,Wine,ALCOHOLTYPE_SA_WINE
Canada,2016.0,1.612934,Beer,ALCOHOLTYPE_SA_BEER
Canada,2016.0,,Beer,ALCOHOLTYPE_SA_BEER
Canada,2016.0,1.612934,Spirits,ALCOHOLTYPE_SA_SPIRITS
Canada,2016.0,,Spirits,ALCOHOLTYPE_SA_SPIRITS
Canada,2016.0,1.612934,Wine,ALCOHOLTYPE_SA_WINE
Canada,2016.0,,Wine,ALCOHOLTYPE_SA_WINE
Central African Republic,2016.0,1.41206,Beer,ALCOHOLTYPE_SA_BEER
Central African Republic,2016.0,,Beer,ALCOHOLTYPE_SA_BEER
Central African Republic,2016.0,1.41206,Spirits,ALCOHOLTYPE_SA_SPIRITS
Central African Republic,2016.0,,Spirits,ALCOHOLTYPE_SA_SPIRITS
Central African Republic,2016.0,1.41206,Wine,ALCOHOLTYPE_SA_WINE
Central African Republic,2016.0,,Wine,ALCOHOLTYPE_SA_WINE
Chile,2016.0,2.444073,Beer,ALCOHOLTYPE_SA_BEER
Chile,2016.0,,Beer,ALCOHOLTYPE_SA_BEER
Chile,2016.0,2.444073,Spirits,ALCOHOLTYPE_SA_SPIRITS
Chile,2016.0,,Spirits,ALCOHOLTYPE_SA_SPIRITS
Chile,2016.0,2.444073,Wine,ALCOHOLTYPE_SA_WINE
Chile,2016.0,,Wine,ALCOHOLTYPE_SA_WINE
China,2016.0,1.227793,Beer,ALCOHOLTYPE_SA_BEER
China,2016.0,,Beer,ALCOHOLTYPE_SA_BEER
China,2016.0,1.227793,Spirits,ALCOHOLTYPE_SA_SPIRITS
China,2016.0,,Spirits,ALCOHOLTYPE_SA_SPIRITS
China,2016.0,1.227793,Wine,ALCOHOLTYPE_SA_WINE
China,2016.0,,Wine,ALCOHOLTYPE_SA_WINE
Colombia,2016.0,1.760478,Beer,ALCOHOLTYPE_SA_BEER
Colombia,2016.0,,Beer,ALCOHOLTYPE_SA_BEER
Colombia,2016.0,1.760478,Spirits,ALCOHOLTYPE_SA_SPIRITS
Colombia,2016.0,,Spirits,ALCOHOLTYPE_SA_SPIRITS
Colombia,2016.0,1.760478,Wine,ALCOHOLTYPE_SA_WINE
Colombia,2016.0,,Wine,ALCOHOLTYPE_SA_WINE
Comoros,2016.0,1.509917,Beer,ALCOHOLTYPE_SA_BEER
Comoros,2016.0,,Beer,ALCOHOLTYPE_SA_BEER
Comoros,2016.0,1.509917,Spirits,ALCOHOLTYPE_SA_SPIRITS
Comoros,2016.0,,Spirits,ALCOHOLTYPE_SA_SPIRITS
Comoros,2016.0,1.509917,Wine,ALCOHOLTYPE_SA_WINE
Comoros,2016.0,,Wine,ALCOHOLTYPE_SA_WINE
Congo,2016.0,1.450176,Beer,ALCOHOLTYPE_SA_BEER
Congo,2016.0,,Beer,ALCOHOLTYPE_SA_BEER
Congo,2016.0,1.450176,Spirits,ALCOHOLTYPE_SA_SPIRITS
Congo,2016.0,,Spirits,ALCOHOLTYPE_SA_SPIRITS
Congo,2016.0,1.450176,Wine,ALCOHOLTYPE_SA_WINE
Congo,2016.0,,Wine,ALCOHOLTYPE_SA_WINE
Costa Rica,2016.0,1.466739,Beer,ALCOHOLTYPE_SA_BEER
Costa Rica,2016.0,,Beer,ALCOHOLTYPE_SA_BEER
Costa Rica,2016.0,1.466739,Spirits,ALCOHOLTYPE_SA_SPIRITS
Costa Rica,2016.0,,Spirits,ALCOHOLTYPE_SA_SPIRITS
Costa Rica,2016.0,1.466739,Wine,ALCOHOLTYPE_SA_WINE
Costa Rica,2016.0,,Wine,ALCOHOLTYPE_SA_WINE
Cyprus,2016.0,1.112195,Beer,ALCOHOLTYPE_SA_BEER
Cyprus,2016.0,,Beer,ALCOHOLTYPE_SA_BEER
Cyprus,2016.0,1.112195,Spirits,ALCOHOLTYPE_SA_SPIRITS
Cyprus,2016.0,,Spirits,ALCOHOLTYPE_SA_SPIRITS
Cyprus,2016.0,1.112195,Wine,ALCOHOLTYPE_SA_WINE
Cyprus,2016.0,,Wine,ALCOHOLTYPE_SA_WINE
Djibouti,2016.0,1.591806,Beer,ALCOHOLTYPE_SA_BEER
Djibouti,2016.0,,Beer,ALCOHOLTYPE_SA_BEER
Djibouti,2016.0,1.591806,Spirits,ALCOHOLTYPE_SA_SPIRITS
Djibouti,2016.0,,Spirits,ALCOHOLTYPE_SA_SPIRITS
Djibouti,2016.0,1.591806,Wine,ALCOHOLTYPE_SA_WINE
Djibouti,2016.0,,Wine,ALCOHOLTYPE_SA_WINE
Dominican Republic,2016.0,1.578866,Beer,ALCOHOLTYPE_SA_BEER
Dominican Republic,2016.0,,Beer,ALCOHOLTYPE_SA_BEER
Dominican Republic,2016.0,1.578866,Spirits,ALCOHOLTYPE_SA_SPIRITS
Dominican Republic,2016.0,,Spirits,ALCOHOLTYPE_SA_SPIRITS
Dominican Republic,2016.0,1.578866,Wine,ALCOHOLTYPE_SA_WINE
Dominican Republic,2016.0,,Wine,ALCOHOLTYPE_SA_WINE
Ecuador,2016.0,1.725335,Beer,ALCOHOLTYPE_SA_BEER
Ecuador,2016.0,,Beer,ALCOHOLTYPE_SA_BEER
Ecuador,2016.0,1.725335,Spirits,ALCOHOLTYPE_SA_SPIRITS
Ecuador,2016.0,,Spirits,ALCOHOLTYPE_SA_SPIRITS
Ecuador,2016.0,1.725335,Wine,ALCOHOLTYPE_SA_WINE
Ecuador,2016.0,,Wine,ALCOHOLTYPE_SA_WINE
Egypt,2016.0,0.665345,Beer,ALCOHOLTYPE_SA_BEER
Egypt,2016.0,,Beer,ALCOHOLTYPE_SA_BEER
Egypt,2016.0,0.665345,Spirits,ALCOHOLTYPE_SA_SPIRITS
Egypt,2016.0,,Spirits,ALCOHOLTYPE_SA_SPIRITS
Egypt,2016.0,0.665345,Wine,ALCOHOLTYPE_SA_WINE
Egypt,2016.0,,Wine,ALCOHOLTYPE_SA_WINE
El Salvador,2016.0,2.66758,Beer,ALCOHOLTYPE_SA_BEER
El Salvador,2016.0,,Beer,ALCOHOLTYPE_SA_BEER
El Salvador,2016.0,2.66758,Spirits,ALCOHOLTYPE_SA_SPIRITS
El Salvador,2016.0,,Spirits,ALCOHOLTYPE_SA_SPIRITS
El Salvador,2016.0,2.66758,Wine,ALCOHOLTYPE_SA_WINE
El Salvador,2016.0,,Wine,ALCOHOLTYPE_SA_WINE
Ethiopia,2016.0,1.865476,Beer,ALCOHOLTYPE_SA_BEER
Ethiopia,2016.0,,Beer,ALCOHOLTYPE_SA_BEER
Ethiopia,2016.0,1.865476,Spirits,ALCOHOLTYPE_SA_SPIRITS
Ethiopia,2016.0,,Spirits,ALCOHOLTYPE_SA_SPIRITS
Ethiopia,2016.0,1.865476,Wine,ALCOHOLTYPE_SA_WINE
Ethiopia,2016.0,,Wine,ALCOHOLTYPE_SA_WINE
Gambia,2016.0,0.943562,Beer,ALCOHOLTYPE_SA_BEER
Gambia,2016.0,,Beer,ALCOHOLTYPE_SA_BEER
Gambia,2016.0,0.943562,Spirits,ALCOHOLTYPE_SA_SPIRITS
Gambia,2016.0,,Spirits,ALCOHOLTYPE_SA_SPIRITS
Gambia,2016.0,0.943562,Wine,ALCOHOLTYPE_SA_WINE
Gambia,2016.0,,Wine,ALCOHOLTYPE_SA_WINE
Ghana,2016.0,1.005638,Beer,ALCOHOLTYPE_SA_BEER
Ghana,2016.0,,Beer,ALCOHOLTYPE_SA_BEER
Ghana,2016.0,1.005638,Spirits,ALCOHOLTYPE_SA_SPIRITS
Ghana,2016.0,,Spirits,ALCOHOLTYPE_SA_SPIRITS
Ghana,2016.0,1.005638,Wine,ALCOHOLTYPE_SA_WINE
Ghana,2016.0,,Wine,ALCOHOLTYPE_SA_WINE
Greece,2016.0,1.128556,Beer,ALCOHOLTYPE_SA_BEER
Greece,2016.0,,Beer,ALCOHOLTYPE_SA_BEER
Greece,2016.0,1.128556,Spirits,ALCOHOLTYPE_SA_SPIRITS
Greece,2016.0,,Spirits,ALCOHOLTYPE_SA_SPIRITS
Greece,2016.0,1.128556,Wine,ALCOHOLTYPE_SA_WINE
Greece,2016.0,,Wine,ALCOHOLTYPE_SA_WINE
Guinea,2016.0,0.944475,Beer,ALCOHOLTYPE_SA_BEER
Guinea,2016.0,,Beer,ALCOHOLTYPE_SA_BEER
Guinea,2016.0,0.944475,Spirits,ALCOHOLTYPE_SA_SPIRITS
Guinea,2016.0,,Spirits,ALCOHOLTYPE_SA_SPIRITS
Guinea,2016.0,0.944475,Wine,ALCOHOLTYPE_SA_WINE
Guinea,2016.0,,Wine,ALCOHOLTYPE_SA_WINE
Guinea-Bissau,2016.0,0.980685,Beer,ALCOHOLTYPE_SA_BEER
Guinea-Bissau,2016.0,,Beer,ALCOHOLTYPE_SA_BEER
Guinea-Bissau,2016.0,0.980685,Spirits,ALCOHOLTYPE_SA_SPIRITS
Guinea-Bissau,2016.0,,Spirits,ALCOHOLTYPE_SA_SPIRITS
Guinea-Bissau,2016.0,0.980685,Wine,ALCOHOLTYPE_SA_WINE
Guinea-Bissau,2016.0,,Wine,ALCOHOLTYPE_SA_WINE
Guyana,2016.0,2.060072,Beer,ALCOHOLTYPE_SA_BEER
Guyana,2016.0,,Beer,ALCOHOLTYPE_SA_BEER
Guyana,2016.0,2.060072,Spirits,ALCOHOLTYPE_SA_SPIRITS
Guyana,2016.0,,Spirits,ALCOHOLTYPE_SA_SPIRITS
Guyana,2016.0,2.060072,Wine,ALCOHOLTYPE_SA_WINE
Guyana,2016.0,,Wine,ALCOHOLTYPE_SA_WINE
Honduras,2016.0,1.767381,Beer,ALCOHOLTYPE_SA_BEER
Honduras,2016.0,,Beer,ALCOHOLTYPE_SA_BEER
Honduras,2016.0,1.767381,Spirits,ALCOHOLTYPE_SA_SPIRITS
Honduras,2016.0,,Spirits,ALCOHOLTYPE_SA_SPIRITS
Honduras,2016.0,1.767381,Wine,ALCOHOLTYPE_SA_WINE
Honduras,2016.0,,Wine,ALCOHOLTYPE_SA_WINE
Iceland,2016.0,1.240083,Beer,ALCOHOLTYPE_SA_BEER
Iceland,2016.0,,Beer,ALCOHOLTYPE_SA_BEER
Iceland,2016.0,1.240083,Spirits,ALCOHOLTYPE_SA_SPIRITS
Iceland,2016.0,,Spirits,ALCOHOLTYPE_SA_SPIRITS
Iceland,2016.0,1.240083,Wine,ALCOHOLTYPE_SA_WINE
Iceland,2016.0,,Wine,ALCOHOLTYPE_SA_WINE
Indonesia,2016.0,0.650252,Beer,ALCOHOLTYPE_SA_BEER
Indonesia,2016.0,,Beer,ALCOHOLTYPE_SA_BEER
Indonesia,2016.0,0.650252,Spirits,ALCOHOLTYPE_SA_SPIRITS
Indonesia,2016.0,,Spirits,ALCOHOLTYPE_SA_SPIRITS
Indonesia,2016.0,0.650252,Wine,ALCOHOLTYPE_SA_WINE
Indonesia,2016.0,,Wine,ALCOHOLTYPE_SA_WINE
Iraq,2016.0,0.652618,Beer,ALCOHOLTYPE_SA_BEER
Iraq,2016.0,,Beer,ALCOHOLTYPE_SA_BEER
Iraq,2016.0,0.652618,Spirits,ALCOHOLTYPE_SA_SPIRITS
Iraq,2016.0,,Spirits,ALCOHOLTYPE_SA_SPIRITS
Iraq,2016.0,0.652618,Wine,ALCOHOLTYPE_SA_WINE
Iraq,2016.0,,Wine,ALCOHOLTYPE_SA_WINE
Israel,2016.0,0.500657,Beer,ALCOHOLTYPE_SA_BEER
Israel,2016.0,,Beer,ALCOHOLTYPE_SA_BEER
Israel,2016.0,0.500657,Spirits,ALCOHOLTYPE_SA_SPIRITS
Israel,2016.0,,Spirits,ALCOHOLTYPE_SA_SPIRITS
Israel,2016.0,0.500657,Wine,ALCOHOLTYPE_SA_WINE
Israel,2016.0,,Wine,ALCOHOLTYPE_SA_WINE
Italy,2016.0,0.464585,Beer,ALCOHOLTYPE_SA_BEER
Italy,2016.0,,Beer,ALCOHOLTYPE_SA_BEER
Italy,2016.0,0.464585,Spirits,ALCOHOLTYPE_SA_SPIRITS
Italy,2016.0,,Spirits,ALCOHOLTYPE_SA_SPIRITS
Italy,2016.0,0.464585,Wine,ALCOHOLTYPE_SA_WINE
Italy,2016.0,,Wine,ALCOHOLTYPE_SA_WINE
Jamaica,2016.0,1.437436,Beer,ALCOHOLTYPE_SA_BEER
Jamaica,2016.0,,Beer,ALCOHOLTYPE_SA_BEER
Jamaica,2016.0,1.437436,Spirits,ALCOHOLTYPE_SA_SPIRITS
Jamaica,2016.0,,Spirits,ALCOHOLTYPE_SA_SPIRITS
Jamaica,2016.0,1.437436,Wine,ALCOHOLTYPE_SA_WINE
Jamaica,2016.0,,Wine,ALCOHOLTYPE_SA_WINE
Japan,2016.0,0.579705,Beer,ALCOHOLTYPE_SA_BEER
Japan,2016.0,,Beer,ALCOHOLTYPE_SA_BEER
Japan,2016.0,0.579705,Spirits,ALCOHOLTYPE_SA_SPIRITS
Japan,2016.0,,Spirits,ALCOHOLTYPE_SA_SPIRITS
Japan,2016.0,0.579705,Wine,ALCOHOLTYPE_SA_WINE
Japan,2016.0,,Wine,ALCOHOLTYPE_SA_WINE
Jordan,2016.0,0.657132,Beer,ALCOHOLTYPE_SA_BEER
Jordan,2016.0,,Beer,ALCOHOLTYPE_SA_BEER
Jordan,2016.0,0.657132,Spirits,ALCOHOLTYPE_SA_SPIRITS
Jordan,2016.0,,Spirits,ALCOHOLTYPE_SA_SPIRITS
Jordan,2016.0,0.657132,Wine,ALCOHOLTYPE_SA_WINE
Jordan,2016.0,,Wine,ALCOHOLTYPE_SA_WINE
Kazakhstan,2016.0,3.451337,Beer,ALCOHOLTYPE_SA_BEER
Kazakhstan,2016.0,,Beer,ALCOHOLTYPE_SA_BEER
Kazakhstan,2016.0,3.451337,Spirits,ALCOHOLTYPE_SA_SPIRITS
Kazakhstan,2016.0,,Spirits,ALCOHOLTYPE_SA_SPIRITS
Kazakhstan,2016.0,3.451337,Wine,ALCOHOLTYPE_SA_WINE
Kazakhstan,2016.0,,Wine,ALCOHOLTYPE_SA_WINE
Kenya,2016.0,1.248482,Beer,ALCOHOLTYPE_SA_BEER
Kenya,2016.0,,Beer,ALCOHOLTYPE_SA_BEER
Kenya,2016.0,1.248482,Spirits,ALCOHOLTYPE_SA_SPIRITS
Kenya,2016.0,,Spirits,ALCOHOLTYPE_SA_SPIRITS
Kenya,2016.0,1.248482,Wine,ALCOHOLTYPE_SA_WINE
Kenya,2016.0,,Wine,ALCOHOLTYPE_SA_WINE
Kiribati,2016.0,1.051966,Beer,ALCOHOLTYPE_SA_BEER
Kiribati,2016.0,,Beer,ALCOHOLTYPE_SA_BEER
Kiribati,2016.0,1.051966,Spirits,ALCOHOLTYPE_SA_SPIRITS
Kiribati,2016.0,,Spirits,ALCOHOLTYPE_SA_SPIRITS
Kiribati,2016.0,1.051966,Wine,ALCOHOLTYPE_SA_WINE
Kiribati,2016.0,,Wine,ALCOHOLTYPE_SA_WINE
Lebanon,2016.0,0.660091,Beer,ALCOHOLTYPE_SA_BEER
Lebanon,2016.0,,Beer,ALCOHOLTYPE_SA_BEER
Lebanon,2016.0,0.660091,Spirits,ALCOHOLTYPE_SA_SPIRITS
Lebanon,2016.0,,Spirits,ALCOHOLTYPE_SA_SPIRITS
Lebanon,2016.0,0.660091,Wine,ALCOHOLTYPE_SA_WINE
Lebanon,2016.0,,Wine,ALCOHOLTYPE_SA_WINE
Liberia,2016.0,0.949899,Beer,ALCOHOLTYPE_SA_BEER
Liberia,2016.0,,Beer,ALCOHOLTYPE_SA_BEER
Liberia,2016.0,0.949899,Spirits,ALCOHOLTYPE_SA_SPIRITS
Liberia,2016.0,,Spirits,ALCOHOLTYPE_SA_SPIRITS
Liberia,2016.0,0.949899,Wine,ALCOHOLTYPE_SA_WINE
Liberia,2016.0,,Wine,ALCOHOLTYPE_SA_WINE
Luxembourg,2016.0,1.358456,Beer,ALCOHOLTYPE_SA_BEER
Luxembourg,2016.0,,Beer,ALCOHOLTYPE_SA_BEER
Luxembourg,2016.0,1.358456,Spirits,ALCOHOLTYPE_SA_SPIRITS
Luxembourg,2016.0,,Spirits,ALCOHOLTYPE_SA_SPIRITS
Luxembourg,2016.0,1.358456,Wine,ALCOHOLTYPE_SA_WINE
Luxembourg,2016.0,,Wine,ALCOHOLTYPE_SA_WINE
Madagascar,2016.0,1.509461,Beer,ALCOHOLTYPE_SA_BEER
Madagascar,2016.0,,Beer,ALCOHOLTYPE_SA_BEER
Madagascar,2016.0,1.509461,Spirits,ALCOHOLTYPE_SA_SPIRITS
Madagascar,2016.0,,Spirits,ALCOHOLTYPE_SA_SPIRITS
Madagascar,2016.0,1.509461,Wine,ALCOHOLTYPE_SA_WINE
Madagascar,2016.0,,Wine,ALCOHOLTYPE_SA_WINE
Malawi,2016.0,1.606335,Beer,ALCOHOLTYPE_SA_BEER
Malawi,2016.0,,Beer,ALCOHOLTYPE_SA_BEER
Malawi,2016.0,1.606335,Spirits,ALCOHOLTYPE_SA_SPIRITS
Malawi,2016.0,,Spirits,ALCOHOLTYPE_SA_SPIRITS
Malawi,2016.0,1.606335,Wine,ALCOHOLTYPE_SA_WINE
Malawi,2016.0,,Wine,ALCOHOLTYPE_SA_WINE
Malaysia,2016.0,0.644619,Beer,ALCOHOLTYPE_SA_BEER
Malaysia,2016.0,,Beer,ALCOHOLTYPE_SA_BEER
Malaysia,2016.0,0.644619,Spirits,ALCOHOLTYPE_SA_SPIRITS
Malaysia,2016.0,,Spirits,ALCOHOLTYPE_SA_SPIRITS
Malaysia,2016.0,0.644619,Wine,ALCOHOLTYPE_SA_WINE
Malaysia,2016.0,,Wine,ALCOHOLTYPE_SA_WINE
Malta,2016.0,1.10931,Beer,ALCOHOLTYPE_SA_BEER
Malta,2016.0,,Beer,ALCOHOLTYPE_SA_BEER
Malta,2016.0,1.10931,Spirits,ALCOHOLTYPE_SA_SPIRITS
Malta,2016.0,,Spirits,ALCOHOLTYPE_SA_SPIRITS
Malta,2016.0,1.10931,Wine,ALCOHOLTYPE_SA_WINE
Malta,2016.0,,Wine,ALCOHOLTYPE_SA_WINE
Marshall Islands,2016.0,1.224377,Beer,ALCOHOLTYPE_SA_BEER
Marshall Islands,2016.0,,Beer,ALCOHOLTYPE_SA_BEER
Marshall Islands,2016.0,1.224377,Spirits,ALCOHOLTYPE_SA_SPIRITS
Marshall Islands,2016.0,,Spirits,ALCOHOLTYPE_SA_SPIRITS
Marshall Islands,2016.0,1.224377,Wine,ALCOHOLTYPE_SA_WINE
Marshall Islands,2016.0,,Wine,ALCOHOLTYPE_SA_WINE
Mauritius,2016.0,1.301878,Beer,ALCOHOLTYPE_SA_BEER
Mauritius,2016.0,,Beer,ALCOHOLTYPE_SA_BEER
Mauritius,2016.0,1.301878,Spirits,ALCOHOLTYPE_SA_SPIRITS
Mauritius,2016.0,,Spirits,ALCOHOLTYPE_SA_SPIRITS
Mauritius,2016.0,1.301878,Wine,ALCOHOLTYPE_SA_WINE
Mauritius,2016.0,,Wine,ALCOHOLTYPE_SA_WINE
Mongolia,2016.0,3.480955,Beer,ALCOHOLTYPE_SA_BEER
Mongolia,2016.0,,Beer,ALCOHOLTYPE_SA_BEER
Mongolia,2016.0,3.480955,Spirits,ALCOHOLTYPE_SA_SPIRITS
Mongolia,2016.0,,Spirits,ALCOHOLTYPE_SA_SPIRITS
Mongolia,2016.0,3.480955,Wine,ALCOHOLTYPE_SA_WINE
Mongolia,2016.0,,Wine,ALCOHOLTYPE_SA_WINE
Morocco,2016.0,0.575041,Beer,ALCOHOLTYPE_SA_BEER
Morocco,2016.0,,Beer,ALCOHOLTYPE_SA_BEER
Morocco,2016.0,0.575041,Spirits,ALCOHOLTYPE_SA_SPIRITS
Morocco,2016.0,,Spirits,ALCOHOLTYPE_SA_SPIRITS
Morocco,2016.0,0.575041,Wine,ALCOHOLTYPE_SA_WINE
Morocco,2016.0,,Wine,ALCOHOLTYPE_SA_WINE
Mozambique,2016.0,1.703293,Beer,ALCOHOLTYPE_SA_BEER
Mozambique,2016.0,,Beer,ALCOHOLTYPE_SA_BEER
Mozambique,2016.0,1.703293,Spirits,ALCOHOLTYPE_SA_SPIRITS
Mozambique,2016.0,,Spirits,ALCOHOLTYPE_SA_SPIRITS
Mozambique,2016.0,1.703293,Wine,ALCOHOLTYPE_SA_WINE
Mozambique,2016.0,,Wine,ALCOHOLTYPE_SA_WINE
Myanmar,2016.0,0.870418,Beer,ALCOHOLTYPE_SA_BEER
Myanmar,2016.0,,Beer,ALCOHOLTYPE_SA_BEER
Myanmar,2016.0,0.870418,Spirits,ALCOHOLTYPE_SA_SPIRITS
Myanmar,2016.0,,Spirits,ALCOHOLTYPE_SA_SPIRITS
Myanmar,2016.0,0.870418,Wine,ALCOHOLTYPE_SA_WINE
Myanmar,2016.0,,Wine,ALCOHOLTYPE_SA_WINE
Namibia,2016.0,1.676714,Beer,ALCOHOLTYPE_SA_BEER
Namibia,2016.0,,Beer,ALCOHOLTYPE_SA_BEER
Namibia,2016.0,1.676714,Spirits,ALCOHOLTYPE_SA_SPIRITS
Namibia,2016.0,,Spirits,ALCOHOLTYPE_SA_SPIRITS
Namibia,2016.0,1.676714,Wine,ALCOHOLTYPE_SA_WINE
Namibia,2016.0,,Wine,ALCOHOLTYPE_SA_WINE
Nicaragua,2016.0,2.055006,Beer,ALCOHOLTYPE_SA_BEER
Nicaragua,2016.0,,Beer,ALCOHOLTYPE_SA_BEER
Nicaragua,2016.0,2.055006,Spirits,ALCOHOLTYPE_SA_SPIRITS
Nicaragua,2016.0,,Spirits,ALCOHOLTYPE_SA_SPIRITS
Nicaragua,2016.0,2.055006,Wine,ALCOHOLTYPE_SA_WINE
Nicaragua,2016.0,,Wine,ALCOHOLTYPE_SA_WINE
Niger,2016.0,0.910718,Beer,ALCOHOLTYPE_SA_BEER
Niger,2016.0,,Beer,ALCOHOLTYPE_SA_BEER
Niger,2016.0,0.910718,Spirits,ALCOHOLTYPE_SA_SPIRITS
Niger,2016.0,,Spirits,ALCOHOLTYPE_SA_SPIRITS
Niger,2016.0,0.910718,Wine,ALCOHOLTYPE_SA_WINE
Niger,2016.0,,Wine,ALCOHOLTYPE_SA_WINE
Nigeria,2016.0,0.964779,Beer,ALCOHOLTYPE_SA_BEER
Nigeria,2016.0,,Beer,ALCOHOLTYPE_SA_BEER
Nigeria,2016.0,0.964779,Spirits,ALCOHOLTYPE_SA_SPIRITS
Nigeria,2016.0,,Spirits,ALCOHOLTYPE_SA_SPIRITS
Nigeria,2016.0,0.964779,Wine,ALCOHOLTYPE_SA_WINE
Nigeria,2016.0,,Wine,ALCOHOLTYPE_SA_WINE
Norway,2016.0,1.422242,Beer,ALCOHOLTYPE_SA_BEER
Norway,2016.0,,Beer,ALCOHOLTYPE_SA_BEER
Norway,2016.0,1.422242,Spirits,ALCOHOLTYPE_SA_SPIRITS
Norway,2016.0,,Spirits,ALCOHOLTYPE_SA_SPIRITS
Norway,2016.0,1.422242,Wine,ALCOHOLTYPE_SA_WINE
Norway,2016.0,,Wine,ALCOHOLTYPE_SA_WINE
Oman,2016.0,0.692908,Beer,ALCOHOLTYPE_SA_BEER
Oman,2016.0,,Beer,ALCOHOLTYPE_SA_BEER
Oman,2016.0,0.692908,Spirits,ALCOHOLTYPE_SA_SPIRITS
Oman,2016.0,,Spirits,ALCOHOLTYPE_SA_SPIRITS
Oman,2016.0,0.692908,Wine,ALCOHOLTYPE_SA_WINE
Oman,2016.0,,Wine,ALCOHOLTYPE_SA_WINE
Pakistan,2016.0,1.529349,Beer,ALCOHOLTYPE_SA_BEER
Pakistan,2016.0,,Beer,ALCOHOLTYPE_SA_BEER
Pakistan,2016.0,1.529349,Spirits,ALCOHOLTYPE_SA_SPIRITS
Pakistan,2016.0,,Spirits,ALCOHOLTYPE_SA_SPIRITS
Pakistan,2016.0,1.529349,Wine,ALCOHOLTYPE_SA_WINE
Pakistan,2016.0,,Wine,ALCOHOLTYPE_SA_WINE
Panama,2016.0,1.410531,Beer,ALCOHOLTYPE_SA_BEER
Panama,2016.0,,Beer,ALCOHOLTYPE_SA_BEER
Panama,2016.0,1.410531,Spirits,ALCOHOLTYPE_SA_SPIRITS
Panama,2016.0,,Spirits,ALCOHOLTYPE_SA_SPIRITS
Panama,2016.0,1.410531,Wine,ALCOHOLTYPE_SA_WINE
Panama,2016.0,,Wine,ALCOHOLTYPE_SA_WINE
Paraguay,2016.0,2.371826,Beer,ALCOHOLTYPE_SA_BEER
Paraguay,2016.0,,Beer,ALCOHOLTYPE_SA_BEER
Paraguay,2016.0,2.371826,Spirits,ALCOHOLTYPE_SA_SPIRITS
Paraguay,2016.0,,Spirits,ALCOHOLTYPE_SA_SPIRITS
Paraguay,2016.0,2.371826,Wine,ALCOHOLTYPE_SA_WINE
Paraguay,2016.0,,Wine,ALCOHOLTYPE_SA_WINE
Peru,2016.0,1.433314,Beer,ALCOHOLTYPE_SA_BEER
Peru,2016.0,,Beer,ALCOHOLTYPE_SA_BEER
Peru,2016.0,1.433314,Spirits,ALCOHOLTYPE_SA_SPIRITS
Peru,2016.0,,Spirits,ALCOHOLTYPE_SA_SPIRITS
Peru,2016.0,1.433314,Wine,ALCOHOLTYPE_SA_WINE
Peru,2016.0,,Wine,ALCOHOLTYPE_SA_WINE
Philippines,2016.0,0.893111,Beer,ALCOHOLTYPE_SA_BEER
Philippines,2016.0,,Beer,ALCOHOLTYPE_SA_BEER
Philippines,2016.0,0.893111,Spirits,ALCOHOLTYPE_SA_SPIRITS
Philippines,2016.0,,Spirits,ALCOHOLTYPE_SA_SPIRITS
Philippines,2016.0,0.893111,Wine,ALCOHOLTYPE_SA_WINE
Philippines,2016.0,,Wine,ALCOHOLTYPE_SA_WINE
Portugal,2016.0,1.269966,Beer,ALCOHOLTYPE_SA_BEER
Portugal,2016.0,,Beer,ALCOHOLTYPE_SA_BEER
Portugal,2016.0,1.269966,Spirits,ALCOHOLTYPE_SA_SPIRITS
Portugal,2016.0,,Spirits,ALCOHOLTYPE_SA_SPIRITS
Portugal,2016.0,1.269966,Wine,ALCOHOLTYPE_SA_WINE
Portugal,2016.0,,Wine,ALCOHOLTYPE_SA_WINE
Saint Lucia,2016.0,1.905798,Beer,ALCOHOLTYPE_SA_BEER
Saint Lucia,2016.0,,Beer,ALCOHOLTYPE_SA_BEER
Saint Vincent and the Grenadines,2016.0,2.225185,Beer,ALCOHOLTYPE_SA_BEER
Saint Vincent and the Grenadines,2016.0,,Beer,ALCOHOLTYPE_SA_BEER
Samoa,2016.0,1.11035,Beer,ALCOHOLTYPE_SA_BEER
Samoa,2016.0,,Beer,ALCOHOLTYPE_SA_BEER
Samoa,2016.0,1.11035,Spirits,ALCOHOLTYPE_SA_SPIRITS
Samoa,2016.0,,Spirits,ALCOHOLTYPE_SA_SPIRITS
Samoa,2016.0,1.11035,Wine,ALCOHOLTYPE_SA_WINE
Samoa,2016.0,,Wine,ALCOHOLTYPE_SA_WINE
San Marino,2016.0,,Beer,ALCOHOLTYPE_SA_BEER
San Marino,2016.0,,Spirits,ALCOHOLTYPE_SA_SPIRITS
San Marino,2016.0,,Wine,ALCOHOLTYPE_SA_WINE
Sao Tome and Principe,2016.0,1.015514,Beer,ALCOHOLTYPE_SA_BEER
Sao Tome and Principe,2016.0,,Beer,ALCOHOLTYPE_SA_BEER
Sao Tome and Principe,2016.0,1.015514,Spirits,ALCOHOLTYPE_SA_SPIRITS
Sao Tome and Principe,2016.0,,Spirits,ALCOHOLTYPE_SA_SPIRITS
Sao Tome and Principe,2016.0,1.015514,Wine,ALCOHOLTYPE_SA_WINE
Sao Tome and Principe,2016.0,,Wine,ALCOHOLTYPE_SA_WINE
Senegal,2016.0,0.9211,Beer,ALCOHOLTYPE_SA_BEER
Senegal,2016.0,,Beer,ALCOHOLTYPE_SA_BEER
Senegal,2016.0,0.9211,Spirits,ALCOHOLTYPE_SA_SPIRITS
Senegal,2016.0,,Spirits,ALCOHOLTYPE_SA_SPIRITS
Senegal,2016.0,0.9211,Wine,ALCOHOLTYPE_SA_WINE
Senegal,2016.0,,Wine,ALCOHOLTYPE_SA_WINE
Serbia,2016.0,2.02404,Beer,ALCOHOLTYPE_SA_BEER
Serbia,2016.0,,Beer,ALCOHOLTYPE_SA_BEER
Serbia,2016.0,2.02404,Spirits,ALCOHOLTYPE_SA_SPIRITS
Serbia,2016.0,,Spirits,ALCOHOLTYPE_SA_SPIRITS
Serbia,2016.0,2.02404,Wine,ALCOHOLTYPE_SA_WINE
Serbia,2016.0,,Wine,ALCOHOLTYPE_SA_WINE
Seychelles,2016.0,0.857306,Beer,ALCOHOLTYPE_SA_BEER
Seychelles,2016.0,,Beer,ALCOHOLTYPE_SA_BEER
Seychelles,2016.0,0.857306,Spirits,ALCOHOLTYPE_SA_SPIRITS
Seychelles,2016.0,,Spirits,ALCOHOLTYPE_SA_SPIRITS
Seychelles,2016.0,0.857306,Wine,ALCOHOLTYPE_SA_WINE
Seychelles,2016.0,,Wine,ALCOHOLTYPE_SA_WINE
Sierra Leone,2016.0,0.936256,Beer,ALCOHOLTYPE_SA_BEER
Sierra Leone,2016.0,,Beer,ALCOHOLTYPE_SA_BEER
Sierra Leone,2016.0,0.936256,Spirits,ALCOHOLTYPE_SA_SPIRITS
Sierra Leone,2016.0,,Spirits,ALCOHOLTYPE_SA_SPIRITS
Sierra Leone,2016.0,0.936256,Wine,ALCOHOLTYPE_SA_WINE
Sierra Leone,2016.0,,Wine,ALCOHOLTYPE_SA_WINE
Singapore,2016.0,0.487148,Beer,ALCOHOLTYPE_SA_BEER
Singapore,2016.0,,Beer,ALCOHOLTYPE_SA_BEER
Singapore,2016.0,0.487148,Spirits,ALCOHOLTYPE_SA_SPIRITS
Singapore,2016.0,,Spirits,ALCOHOLTYPE_SA_SPIRITS
Singapore,2016.0,0.487148,Wine,ALCOHOLTYPE_SA_WINE
Singapore,2016.0,,Wine,ALCOHOLTYPE_SA_WINE
South Sudan,2016.0,1.5501,Beer,ALCOHOLTYPE_SA_BEER
South Sudan,2016.0,,Beer,ALCOHOLTYPE_SA_BEER
South Sudan,2016.0,1.5501,Spirits,ALCOHOLTYPE_SA_SPIRITS
South Sudan,2016.0,,Spirits,ALCOHOLTYPE_SA_SPIRITS
South Sudan,2016.0,1.5501,Wine,ALCOHOLTYPE_SA_WINE
South Sudan,2016.0,,Wine,ALCOHOLTYPE_SA_WINE
Spain,2016.0,0.890794,Beer,ALCOHOLTYPE_SA_BEER
Spain,2016.0,,Beer,ALCOHOLTYPE_SA_BEER
Spain,2016.0,0.890794,Spirits,ALCOHOLTYPE_SA_SPIRITS
Spain,2016.0,,Spirits,ALCOHOLTYPE_SA_SPIRITS
Spain,2016.0,0.890794,Wine,ALCOHOLTYPE_SA_WINE
Spain,2016.0,,Wine,ALCOHOLTYPE_SA_WINE
Sri Lanka,2016.0,0.958813,Beer,ALCOHOLTYPE_SA_BEER
Sri Lanka,2016.0,,Beer,ALCOHOLTYPE_SA_BEER
Sri Lanka,2016.0,0.958813,Spirits,ALCOHOLTYPE_SA_SPIRITS
Sri Lanka,2016.0,,Spirits,ALCOHOLTYPE_SA_SPIRITS
Sri Lanka,2016.0,0.958813,Wine,ALCOHOLTYPE_SA_WINE
Sri Lanka,2016.0,,Wine,ALCOHOLTYPE_SA_WINE
Tajikistan,2016.0,2.199223,Beer,ALCOHOLTYPE_SA_BEER
Tajikistan,2016.0,,Beer,ALCOHOLTYPE_SA_BEER
Tajikistan,2016.0,2.199223,Spirits,ALCOHOLTYPE_SA_SPIRITS
Tajikistan,2016.0,,Spirits,ALCOHOLTYPE_SA_SPIRITS
Tajikistan,2016.0,2.199223,Wine,ALCOHOLTYPE_SA_WINE
Tajikistan,2016.0,,Wine,ALCOHOLTYPE_SA_WINE
Thailand,2016.0,0.901656,Beer,ALCOHOLTYPE_SA_BEER
Thailand,2016.0,,Beer,ALCOHOLTYPE_SA_BEER
Thailand,2016.0,0.901656,Spirits,ALCOHOLTYPE_SA_SPIRITS
Thailand,2016.0,,Spirits,ALCOHOLTYPE_SA_SPIRITS
Thailand,2016.0,0.901656,Wine,ALCOHOLTYPE_SA_WINE
Thailand,2016.0,,Wine,ALCOHOLTYPE_SA_WINE
Trinidad and Tobago,2016.0,1.725929,Beer,ALCOHOLTYPE_SA_BEER
Trinidad and Tobago,2016.0,,Beer,ALCOHOLTYPE_SA_BEER
Trinidad and Tobago,2016.0,1.725929,Spirits,ALCOHOLTYPE_SA_SPIRITS
Trinidad and Tobago,2016.0,,Spirits,ALCOHOLTYPE_SA_SPIRITS
Trinidad and Tobago,2016.0,1.725929,Wine,ALCOHOLTYPE_SA_WINE
Trinidad and Tobago,2016.0,,Wine,ALCOHOLTYPE_SA_WINE
Turkmenistan,2016.0,2.579723,Beer,ALCOHOLTYPE_SA_BEER
Turkmenistan,2016.0,,Beer,ALCOHOLTYPE_SA_BEER
Turkmenistan,2016.0,2.579723,Spirits,ALCOHOLTYPE_SA_SPIRITS
Turkmenistan,2016.0,,Spirits,ALCOHOLTYPE_SA_SPIRITS
Turkmenistan,2016.0,2.579723,Wine,ALCOHOLTYPE_SA_WINE
Turkmenistan,2016.0,,Wine,ALCOHOLTYPE_SA_WINE
Uganda,2016.0,1.294163,Beer,ALCOHOLTYPE_SA_BEER
Uganda,2016.0,,Beer,ALCOHOLTYPE_SA_BEER
Uganda,2016.0,1.294163,Spirits,ALCOHOLTYPE_SA_SPIRITS
Uganda,2016.0,,Spirits,ALCOHOLTYPE_SA_SPIRITS
Uganda,2016.0,1.294163,Wine,ALCOHOLTYPE_SA_WINE
Uganda,2016.0,,Wine,ALCOHOLTYPE_SA_WINE
Ukraine,2016.0,4.762349,Beer,ALCOHOLTYPE_SA_BEER
Ukraine,2016.0,,Beer,ALCOHOLTYPE_SA_BEER
Ukraine,2016.0,4.762349,Spirits,ALCOHOLTYPE_SA_SPIRITS
Ukraine,2016.0,,Spirits,ALCOHOLTYPE_SA_SPIRITS
Ukraine,2016.0,4.762349,Wine,ALCOHOLTYPE_SA_WINE
Ukraine,2016.0,,Wine,ALCOHOLTYPE_SA_WINE
Uzbekistan,2016.0,1.900334,Beer,ALCOHOLTYPE_SA_BEER
Uzbekistan,2016.0,,Beer,ALCOHOLTYPE_SA_BEER
Uzbekistan,2016.0,1.900334,Spirits,ALCOHOLTYPE_SA_SPIRITS
Uzbekistan,2016.0,,Spirits,ALCOHOLTYPE_SA_SPIRITS
Uzbekistan,2016.0,1.900334,Wine,ALCOHOLTYPE_SA_WINE
Uzbekistan,2016.0,,Wine,ALCOHOLTYPE_SA_WINE
Vanuatu,2016.0,1.213489,Beer,ALCOHOLTYPE_SA_BEER
Vanuatu,2016.0,,Beer,ALCOHOLTYPE_SA_BEER
Vanuatu,2016.0,1.213489,Spirits,ALCOHOLTYPE_SA_SPIRITS
Vanuatu,2016.0,,Spirits,ALCOHOLTYPE_SA_SPIRITS
Vanuatu,2016.0,1.213489,Wine,ALCOHOLTYPE_SA_WINE
Vanuatu,2016.0,,Wine,ALCOHOLTYPE_SA_WINE
Zambia,2016.0,1.633095,Beer,ALCOHOLTYPE_SA_BEER
Zambia,2016.0,,Beer,ALCOHOLTYPE_SA_BEER
Zambia,2016.0,1.633095,Spirits,ALCOHOLTYPE_SA_SPIRITS
Zambia,2016.0,,Spirits,ALCOHOLTYPE_SA_SPIRITS
Zambia,2016.0,1.633095,Wine,ALCOHOLTYPE_SA_WINE
Zambia,2016.0,,Wine,ALCOHOLTYPE_SA_WINE
Zimbabwe,2016.0,1.513269,Beer,ALCOHOLTYPE_SA_BEER
Zimbabwe,2016.0,,Beer,ALCOHOLTYPE_SA_BEER
Zimbabwe,2016.0,1.513269,Spirits,ALCOHOLTYPE_SA_SPIRITS
Zimbabwe,2016.0,,Spirits,ALCOHOLTYPE_SA_SPIRITS
Zimbabwe,2016.0,1.513269,Wine,ALCOHOLTYPE_SA_WINE
Zimbabwe,2016.0,,Wine,ALCOHOLTYPE_SA_WINE
